File name,Color,Polymer,Matching
Adv1.1_3.csv,,PE,0.98
Adv1.1_4.csv,white,PE,0.95
Adv1.1_5.csv,transparent,PE,0.92
Adv1.1_6.csv,blue,PP,0.96
Adv1.1_7.csv,black,PE,0.98
Adv1.1_8.csv,white,PE,0.97
Adv1.1_9.csv,white,PE,0.98
Adv1.1_10.csv,white,PE,0.97
Adv1.1_13.csv,brown,PE,0.98
Adv1.1_14.csv,transparent,PP,0.95
Adv1.1_15.csv,transparent,PE,0.97
Adv2.2_1_001.csv,light blue,PE,0.96
Adv2.2_3.csv,white,PE,0.83
Adv_1.2_2.csv,yellow,PE,0.98
Adv_1.2_4.csv,transparent,PE,0.98
Adv_1.2_6.csv,transparent,PE,0.98
Adv_1.2_7.csv,white,PE,0.98
Adv_1.2_8.csv,white,PE,0.96
Adv_1.2_9.csv,gray,PE,0.99
Adv_1.2_10.csv,brown,PE,0.86
Adv_1.2_11.csv,light blue,PE,0.98
Adv_1.2_12.csv,white,PE,0.92
Adv_1.2_13.csv,gray,PE,0.98
Adv_1.2_14.csv,white,PE,0.97
Adv_1.2_15.csv,brown,PE,0.97
Adv_1.2_16.csv,transparent,PP,0.96
Adv_1.2_17.csv,white,PE,0.95
Adv_1.3_1.csv,black,PP,0.84
Adv_1.3_2.csv,transparent,PE,0.93
Adv_1.3_3.csv,transparent,PE,0.95
Adv_1.3_4.csv,transparent,PE,0.93
Adv_1.3_5.csv,transparent,PE,0.73
Adv_1.3_6.csv,pink,PP,0.91
Adv_1.3_7.csv,transparent,PE,0.96
Adv_1.3_8.csv,white,PP,0.9
Adv_1.3_9.csv,transparent,PP,0.97
Adv_1.3_10.csv,black,PE,0.97
Adv_1.3_11.csv,transparent,PE,0.93
Adv_1.3_12.csv,black,PE,0.71
Adv_1.3_14.csv,transparent,PE,0.97
Adv_1.3_15.csv,transparent,PE,0.98
Adv_1.3_17.csv,transparent,PE,0.98
Adv_1.3_18.csv,transparent,PE,0.98
Adv_1.3_19.csv,transparent,PE,0.93
Adv_1.3_20.csv,transparent,PE,0.97
Adv_1.3_21.csv,black,PE,0.98
Adv_1.3_23.csv,transparent,PE,0.91
Adv_1.3_24.csv,transparent,PE,0.98
Adv_1.3_25.csv,transparent,PE,0.99
Adv_1.3_26.csv,transparent,PP,0.88
Adv_1.3_28.csv,yellow,PP,0.79
Adv_1.3_29.csv,transparent,PE,0.95
Adv_1.3_30.csv,transparent,PE,0.94
Adv_1.3_31.csv,green,PP,0.95
Adv_1.3_32_001.csv,white,PP,0.94
Adv_1.3_33.csv,black,PE,0.98
Adv_1.3_34.csv,white,PP,0.76
Adv_1.3_35.csv,green,PE,0.97
Adv_1.3_36.csv,white,PE,0.89
Adv_1.3_37.csv,transparent,PE,0.99
Adv_1.3_38.csv,white,PP,0.92
Adv_1.3_39.csv,white,PP,0.96
Adv_1.3_40.csv,yellow,PP,0.87
Adv_1.3_41.csv,white,PP,0.83
Adv_1.3_42.csv,green,PE,0.98
Adv_1.3_43.csv,white,PE,0.94
Adv_1.3_44.csv,transparent,PP,0.93
Adv_1.3_45.csv,gray,PE,0.98
Adv_1.3_46.csv,white,PE,0.98
Adv_1.3_47.csv,gray,PP,0.96
Adv_1.3_48.csv,gray,PE,0.98
Adv_1.3_49.csv,transparent,PE,0.97
Adv_1.3_50.csv,transparent,PE,0.95
Adv_1.3_51.csv,transparent,PE,0.75
Adv_1.3_52.csv,transparent,PE,0.97
Adv_1.3_53.csv,transparent,PP,0.97
Adv_1.3_54.csv,white,PE,0.98
Adv_1.3_55.csv,transparent,PE,0.98
Adv_1.3_56.csv,transparent,PE,0.98
Adv_1.3_57.csv,silver,PE,0.98
Adv_1.3_58.csv,transparent,PE,0.99
Adv_1.3_59.csv,transparent,PE,0.97
Adv_1.3_60.csv,transparent,PP,0.9
Adv_1.3_61.csv,white,PS,0.98
Adv_1.3_62.csv,transparent,PE,0.98
Adv_1.3_63.csv,transparent,PE,0.98
Adv_1.3_64.csv,transparent,PE,0.98
Adv_1.3_65.csv,transparent,PE,0.98
Adv_1.3_66.csv,transparent,PE,0.98
Adv_1.3_67.csv,transparent,PE,0.97
Adv_1.3_68.csv,transparent,PP,0.97
AI58_10_1.csv,transparent,PE,0.96
AI58_10_2.csv,white,PE,0.97
AI58_10_3.csv,red,PE,0.88
AI58_10_4_001.csv,light blue,PE,0.99
AI58_10_5.csv,yellow,PE,0.94
AI58_10_6.csv,white,PE,0.92
AI58_10_7.csv,white,PE,0.97
AI58_10_8.csv,white,PE,0.97
AI58_10_9.csv,white,PE,0.97
AI58_10_10.1.csv,white,PE,0.98
AI58_10_11.csv,green,PE,0.92
AI58_10_12.csv,transparent,PE,0.97
AI58_10_13.csv,light blue,PE,0.92
AI58_10_14.csv,black,PE,0.92
AI58_11_1.csv,black,PE,0.98
AI58_11_2.csv,light blue,PE,0.98
AI58_11_3.csv,blue,PE,0.96
AI58_12_1.csv,transparent,PE,0.87
AI58_12_2.csv,transparent,PE,0.98
AI58_12_3.csv,transparent,PE,0.98
AI58_12_4.csv,white,PP,0.97
AI58_12_5.csv,white,PE,0.97
AI58_12_7.csv,transparent,PP,0.97
AI58_12_8.csv,gray,PP,0.91
AI58_12_9.csv,blue,PP,0.79
AI58_12_10.csv,light blue,PE,0.97
AI58_13_1.csv,transparent,PE,0.97
AI58_13_2.csv,brown,PE,0.97
AI58_13_3.csv,black,PE,0.99
AI58_13_4.csv,green,PP,0.95
AI58_13_5.csv,beige,PE,0.98
AI58_13_6.csv,blue,PE,0.98
AI58_13_7.csv,light blue,PE,0.98
AI58_13_8.csv,white,PS,0.94
AI58_14_2.csv,white,PE,0.82
AI58_14_4.csv,green,PE,0.97
AI58_16_1.csv,white,PS,0.95
AI58_16_3.csv,transparent,PE,0.94
AI58_17_1.csv,black,PE,0.73
AI58_18_1.1.csv,yellow,PS,0.89
AI58_18_2.csv,yellow,PS,0.82
AI58_18_3.csv,white,PE,0.98
AI58_19_1.csv,white,PS,0.93
AI58_1_17.csv,white,PS,0.92
AI58_1_20.csv,beige,PE,0.95
AI58_21_2.csv,transparent,PE,0.98
AI58_21_3.csv,transparent,PE,0.98
AI58_21_4.csv,gray,PE,0.96
AI58_22_1.csv,white,PS,0.96
AI58_23_1.csv,white,PS,0.86
AI58_23_2.csv,brown,PS,0.87
AI58_23_4.csv,light blue,PE,0.98
AI58_23_5.csv,white,PP,0.95
AI58_23_6.csv,green,PE,0.97
AI58_25_1.csv,white,PS,0.95
AI58_25_2.csv,light blue,PS,0.96
AI58_25_3.csv,white,PS,0.97
AI58_25_4.csv,white,PS,0.95
AI58_26_1.csv,transparent,PE,0.98
AI58_26_2.csv,blue,PE,0.96
AI58_26_3.csv,brown,PE,0.97
AI58_27_1.csv,white,PS,0.85
AI58_27_2.csv,white,PS,0.93
AI58_27_3.csv,transparent,PE,0.97
AI58_27_4.csv,white,PS,0.94
AI58_27_5.csv,green,PP,0.94
AI58_27_6.csv,white,PS,0.9
AI58_27_9.csv,white,PP,0.94
AI58_27_11.csv,transparent,PP,0.94
AI58_27_12.csv,transparent,PP,0.93
AI58_27_14.csv,white,PP,0.91
AI58_27_19.csv,transparent,PE,0.94
AI58_28_1.csv,white,PS,0.95
AI58_29_1.csv,yellow,PS,0.95
AI58_29_3.csv,gray,PE,0.9
AI58_2_7.csv,white,PS,0.86
AI58_2_14.csv,white,PE,0.97
AI58_30_1.csv,white,PS,0.97
AI58_30_2.csv,transparent,PE,0.97
AI58_30_3.csv,transparent,PE,0.97
AI58_30_5.csv,transparent,PE,0.97
AI58_30_7.csv,white,PE,0.96
AI58_30_8.csv,white,PE,0.98
AI58_30_10.csv,green,PE,0.95
AI58_30_11.csv,green,PE,0.97
AI58_31_1.csv,white,PE,0.97
AI58_31_2.csv,black,PE,0.91
AI58_32_1.csv,yellow,PE,0.97
AI58_32_2.csv,white,PP,0.95
AI58_32_3.csv,white,PE,0.97
AI58_33_1.csv,white,PP,0.95
AI58_33_2.csv,black,PP,0.95
AI58_35_1.csv,transparent,PP,0.94
AI58_35_2.csv,black,PE,0.79
AI58_35_3.1.csv,black,PE,0.86
AI58_35_4.csv,green,PE,0.95
AI58_35_5.csv,transparent,PP,0.97
AI58_35_6.csv,yellow,PP,0.72
AI58_35_7.csv,white,PE,0.92
AI58_35_8.csv,transparent,PE,0.99
AI58_35_10.csv,red,PP,0.84
AI58_35_11.csv,white,PE,0.97
AI58_35_12.csv,white,PS,0.94
AI58_35_13.csv,white,PE,0.98
AI58_35_14.csv,white,PE,0.96
AI58_35_15.csv,transparent,PE,0.98
AI58_35_16.csv,transparent,PE,0.97
AI58_35_17.csv,transparent,PE,0.98
AI58_35_18.csv,white,PE,0.97
AI58_35_19.csv,white,PE,0.97
AI58_35_20.csv,white,PE,0.97
AI58_35_21.csv,black,PE,0.98
AI58_35_22.csv,gray,PE,0.98
AI58_35_23.csv,green,PP,0.96
AI58_35_24.csv,beige,PP,0.9
AI58_35_25.csv,white,PE,0.96
AI58_35_26.csv,white,PE,0.97
AI58_35_27.csv,white,PE,0.98
AI58_35_28.csv,white,PP,0.96
AI58_35_29.csv,white,PE,0.97
AI58_35_30.csv,white,PE,0.98
AI58_35_31.csv,black,PE,0.92
AI58_35_32.csv,black,PP,0.96
AI58_35_33.csv,gray,PE,0.98
AI58_35_36.csv,white,PP,0.96
AI58_35_37.csv,white,PE,0.97
AI58_35_38.csv,gray,PP,0.94
AI58_35_39.csv,gray,PE,0.99
AI58_35_41.csv,gray,PE,0.97
AI58_35_42.csv,black,PE,0.94
AI58_35_43.csv,white,PP,0.97
AI58_36_1.csv,transparent,PE,0.98
AI58_36_2.csv,white,PS,0.96
AI58_36_3.csv,white,PE,0.97
AI58_36_4.csv,white,PE,0.98
AI58_36_5.csv,beige,PE,0.98
AI58_36_6.csv,transparent,PE,0.97
AI58_36_7.csv,transparent,PP,0.97
AI58_37_1.csv,white,PS,0.95
AI58_37_2.csv,transparent,PE,0.96
AI58_37_3.csv,transparent,PE,0.97
AI58_37_4.csv,gray,PE,0.97
AI58_37_5.csv,transparent,PE,0.97
AI58_37_6.csv,transparent,PE,0.99
AI58_37_7.csv,white,PP,0.95
AI58_3_1.csv,white,PE,0.79
AI58_3_2.csv,white,PS,0.84
AI58_3_3.csv,white,PS,0.82
AI58_3_5_001.csv,gray,PP,0.72
AI58_3_6.csv,gray,PP,0.88
AI58_3_7.csv,white,PS,0.91
AI58_3_8.csv,green,PE,0.96
AI58_40_1.csv,white,PE,0.99
AI58_40_2.csv,transparent,PP,0.97
AI58_41_3.csv,transparent,PE,0.98
AI58_42_1.csv,white,PE,0.93
AI58_42_2.csv,yellow,PP,0.91
AI58_42_3.csv,yellow,PE,0.97
AI58_42_5.csv,transparent,PE,0.96
AI58_42_6.csv,white,PE,0.95
AI58_42_7.1.csv,white,PE,0.95
AI58_44_1.1.csv,,PE,0.98
AI58_4_1.csv,white,PS,0.97
AI58_4_2.csv,green,PE,0.95
AI58_4_3.csv,white,PE,0.96
AI58_4_4.csv,white,PP,0.77
AI58_4_5.csv,yellow,PE,0.96
AI58_4_6.csv,gray,PE,0.97
AI58_4_7.csv,white,PS,0.95
AI58_4_8.csv,white,PS,0.97
AI58_4_9.csv,transparent,PE,0.99
AI58_4_10.csv,white,PS,0.86
AI58_4_11.csv,transparent,PE,0.97
AI58_4_12.csv,transparent,PE,0.97
AI58_4_13.csv,green,PP,0.71
AI58_4_14.csv,transparent,PE,0.98
AI58_4_15.csv,white,PE,0.95
AI58_4_16.csv,white,PE,0.98
AI58_4_17.csv,transparent,PE,0.95
AI58_4_18.csv,transparent,PE,0.97
AI58_4_19.csv,transparent,PE,0.97
AI58_4_20.csv,light blue,PE,0.97
AI58_4_25.csv,yellow,PE,0.97
AI58_4_26.csv,transparent,PE,0.95
AI58_4_27.csv,transparent,PE,0.98
AI58_4_28.csv,transparent,PE,0.98
AI58_4_31.csv,transparent,PP,0.97
AI58_4_32.csv,white,PS,0.95
AI58_4_33.csv,transparent,PE,0.98
AI58_4_34.csv,transparent,PP,0.97
AI58_4_35.csv,transparent,PE,0.98
AI58_4_36.csv,transparent,PP,0.96
AI58_4_37.csv,transparent,PE,0.95
AI58_4_38.csv,transparent,PE,0.97
AI58_4_40.csv,silver,PE,0.96
AI58_4_41.csv,transparent,PE,0.98
AI58_4_42.csv,transparent,PP,0.96
AI58_5_1.csv,green,PE,0.95
AI58_5_2.csv,green,PE,0.92
AI58_5_3.csv,green,PP,0.72
AI58_5_4.csv,green,PE,0.95
AI58_5_5.csv,light blue,PE,0.94
AI58_5_6.csv,light blue,PE,0.97
AI58_5_7.csv,light blue,PE,0.93
AI58_5_8.csv,light blue,PE,0.98
AI58_5_9.csv,light blue,PE,0.97
AI58_5_10.csv,light blue,PE,0.93
AI58_5_11.csv,white,PS,0.94
AI58_5_12.csv,transparent,PE,0.97
AI58_5_13.csv,transparent,PE,0.93
AI58_5_14.csv,transparent,PP,0.96
AI58_5_15.csv,transparent,PE,0.96
AI58_5_16.csv,transparent,PE,0.97
AI58_5_17.csv,transparent,PE,0.96
AI58_5_19.csv,white,PE,0.97
AI58_5_20.csv,white,PE,0.97
AI58_5_21.csv,transparent,PP,0.95
AI58_5_22.csv,white,PE,0.97
AI58_5_23.csv,transparent,PE,0.98
AI58_5_24.csv,transparent,PE,0.9
AI58_5_25.csv,transparent,PE,0.94
AI58_5_26.csv,white,PE,0.97
AI58_5_27.csv,transparent,PE,0.97
AI58_5_28.csv,transparent,PE,0.98
AI58_5_29.csv,transparent,PE,0.86
AI58_5_30.csv,white,PE,0.97
AI58_5_31.csv,transparent,PP,0.88
AI58_5_32.csv,transparent,PE,0.98
AI58_5_33.csv,transparent,PE,0.95
AI58_5_34.csv,transparent,PE,0.96
AI58_5_35.csv,transparent,PE,0.96
AI58_5_36.csv,white,PE,0.97
AI58_5_37.csv,white,PE,0.97
AI58_5_38.csv,transparent,PE,0.94
AI58_5_39.csv,transparent,PE,0.94
AI58_5_40.csv,white,PE,0.97
AI58_5_41.csv,transparent,PE,0.95
AI58_5_42.csv,transparent,PE,0.95
AI58_5_43.csv,transparent,PE,0.93
AI58_5_44.csv,transparent,PE,0.95
AI58_5_45.csv,transparent,PE,0.94
AI58_5_46.csv,transparent,PE,0.95
AI58_5_47.csv,transparent,PE,0.98
AI58_5_48.csv,transparent,PE,0.91
AI58_5_49.csv,transparent,PE,0.97
AI58_5_50.csv,white,PE,0.96
AI58_5_51.csv,transparent,PE,0.97
AI58_5_52.csv,transparent,PE,0.96
AI58_5_53.csv,transparent,PE,0.95
AI58_5_54.csv,transparent,PP,0.95
AI58_5_55.csv,transparent,PE,0.98
AI58_5_56.csv,transparent,PE,0.96
AI58_5_57.csv,transparent,PE,0.89
AI58_5_58.csv,white,PE,0.97
AI58_5_59.csv,white,PE,0.98
AI58_5_60.csv,white,PP,0.93
AI58_5_62.csv,black,PE,0.8
AI58_5_63.csv,black,PP,0.87
AI58_5_64.csv,black,PE,0.97
AI58_5_65.csv,black,PE,0.95
AI58_5_66.csv,black,PE,0.94
AI58_5_67.csv,black,PP,0.95
AI58_5_68.csv,black,PE,0.98
AI58_5_69.csv,green,PE,0.98
AI58_5_70.csv,black,PE,0.98
AI58_5_71.csv,gray,PE,0.98
AI58_5_72.csv,gray,PE,0.98
AI58_5_73.csv,gray,PE,0.97
AI58_5_74.csv,gray,PE,0.97
AI58_5_75.csv,gray,PE,0.99
AI58_5_76.csv,gray,PE,0.98
AI58_5_77.csv,gray,PE,0.97
AI58_5_78.csv,transparent,PE,0.96
AI58_5_79.csv,transparent,PE,0.97
AI58_5_80.csv,transparent,PE,0.96
AI58_5_81.csv,transparent,PE,0.9
AI58_5_82.csv,transparent,PE,0.97
AI58_5_83.csv,transparent,PE,0.98
AI58_5_84.csv,transparent,PE,0.96
AI58_5_85.csv,transparent,PE,0.98
AI58_5_86.csv,transparent,PE,0.95
AI58_5_87.csv,transparent,PE,0.96
AI58_5_88.csv,transparent,PE,0.97
AI58_5_90.csv,transparent,PE,0.97
AI58_5_91.csv,transparent,PE,0.98
AI58_5_92.csv,transparent,PP,0.89
AI58_5_93.csv,transparent,PE,0.95
AI58_5_94.csv,transparent,PE,0.97
AI58_5_95.csv,transparent,PE,0.97
AI58_5_96.csv,transparent,PE,0.97
AI58_5_97.csv,transparent,PE,0.9
AI58_5_98.csv,transparent,PE,0.98
AI58_5_99.csv,transparent,PE,0.97
AI58_5_100.csv,white,PE,0.97
AI58_5_102.csv,transparent,PE,0.98
AI58_5_103.csv,transparent,PP,0.94
AI58_5_104.csv,transparent,PE,0.97
AI58_5_105.csv,transparent,PE,0.97
AI58_5_106.csv,transparent,PE,0.88
AI58_5_107.csv,transparent,PE,0.98
AI58_5_108.csv,transparent,PE,0.96
AI58_5_109.csv,transparent,PE,0.97
AI58_5_110.csv,white,PE,0.97
AI58_5_112.csv,transparent,PE,0.98
AI58_5_113.csv,transparent,PE,0.88
AI58_5_114.csv,transparent,PE,0.97
AI58_5_115.csv,transparent,PE,0.98
AI58_5_116.1.csv,transparent,PE,0.97
AI58_5_117.csv,transparent,PE,0.75
AI58_5_118.csv,transparent,PE,0.98
AI58_5_119.csv,transparent,PE,0.97
AI58_5_120.csv,white,PP,0.96
AI58_5_121.csv,transparent,PE,0.94
AI58_5_122.csv,transparent,PE,0.97
AI58_5_123.csv,transparent,PE,0.97
AI58_5_124.csv,transparent,PE,0.94
AI58_5_125.csv,transparent,PE,0.98
AI58_5_126.csv,transparent,PE,0.97
AI58_5_127.csv,transparent,PE,0.96
AI58_5_129.csv,transparent,PE,0.98
AI58_5_130.csv,white,PP,0.97
AI58_5_131.csv,transparent,PE,0.98
AI58_5_132.csv,transparent,PE,0.71
AI58_5_133.csv,transparent,PP,0.95
AI58_5_134.csv,transparent,PE,0.98
AI58_5_135.csv,transparent,PE,0.97
AI58_5_136.csv,transparent,PE,0.97
AI58_5_137.csv,transparent,PE,0.97
AI58_5_138.csv,transparent,PE,0.97
AI58_5_139.csv,transparent,PE,0.98
AI58_5_140.csv,white,PE,0.87
AI58_5_141.csv,transparent,PE,0.96
AI58_5_142.csv,transparent,PE,0.98
AI58_5_143.csv,transparent,PE,0.97
AI58_5_144.csv,transparent,PE,0.97
AI58_5_145.csv,transparent,PE,0.88
AI58_5_146.csv,transparent,PE,0.97
AI58_5_147.csv,white,PP,0.85
AI58_5_148.csv,white,PE,0.97
AI58_5_149.csv,white,PE,0.94
AI58_5_150.csv,white,PE,0.98
AI58_5_151.csv,green,PP,0.96
AI58_5_152.csv,black,PP,0.92
AI58_5_153.csv,transparent,PP,0.96
AI58_5_154.csv,green,PP,0.95
AI58_5_155.csv,green,PP,0.96
AI58_5_156.csv,black,PP,0.86
AI58_5_157.csv,green,PP,0.93
AI58_5_158.1.csv,green,PP,0.95
AI58_5_159.csv,green,PE,0.95
AI58_5_160.csv,green,PP,0.9
AI58_5_161.csv,green,PP,0.95
AI58_5_163.csv,green,PP,0.9
AI58_5_164.csv,black,PP,0.96
AI58_5_165.csv,black,PP,0.95
AI58_5_166.csv,black,PP,0.94
AI58_5_167.csv,transparent,PE,0.98
AI58_5_168.csv,green,PP,0.83
AI58_5_169.csv,transparent,PP,0.95
AI58_5_170.csv,green,PP,0.95
AI58_5_171.csv,black,PP,0.86
AI58_5_172.csv,green,PP,0.96
AI58_5_173.csv,green,PP,0.96
AI58_5_174.csv,brown,PP,0.9
AI58_5_176.csv,gray,PP,0.83
AI58_5_180.csv,green,PE,0.89
AI58_5_181.csv,transparent,PE,0.96
AI58_5_182.csv,transparent,PE,0.97
AI58_5_183.csv,transparent,PE,0.97
AI58_5_184.csv,transparent,PE,0.95
AI58_5_185.csv,transparent,PE,0.97
AI58_5_186.csv,transparent,PE,0.95
AI58_5_187.csv,transparent,PE,0.96
AI58_5_188.1.csv,transparent,PP,0.9
AI58_5_190.csv,gray,PE,0.94
AI58_5_192.csv,transparent,PP,0.86
AI58_5_193.csv,transparent,PE,0.94
AI58_5_194.csv,transparent,PE,0.96
AI58_5_195.csv,transparent,PE,0.97
AI58_5_196.csv,transparent,PP,0.91
AI58_5_197.csv,transparent,PE,0.94
AI58_5_198.csv,transparent,PE,0.97
AI58_5_199.csv,transparent,PE,0.97
AI58_5_200.csv,transparent,PE,0.94
AI58_5_201.csv,transparent,PE,0.95
AI58_5_202.csv,transparent,PE,0.96
AI58_5_203.csv,transparent,PE,0.95
AI58_5_204.csv,transparent,PE,0.97
AI58_5_205.csv,transparent,PP,0.95
AI58_5_206.csv,transparent,PE,0.92
AI58_5_207.csv,transparent,PE,0.97
AI58_5_208.csv,transparent,PE,0.97
AI58_5_209.csv,transparent,PE,0.97
AI58_5_210.csv,green,PE,0.95
AI58_5_211.csv,transparent,PE,0.96
AI58_5_213.csv,transparent,PE,0.96
AI58_5_214.csv,transparent,PE,0.89
AI58_5_215.csv,transparent,PP,0.9
AI58_5_216.csv,transparent,PE,0.92
AI58_5_217.csv,transparent,PP,0.94
AI58_5_218.csv,transparent,PE,0.95
AI58_5_219.csv,transparent,PE,0.96
AI58_5_221.csv,transparent,PE,0.96
AI58_5_222.csv,transparent,PE,0.88
AI58_5_223.csv,transparent,PE,0.98
AI58_5_224.csv,transparent,PE,0.96
AI58_5_225.csv,transparent,PE,0.97
AI58_5_226.csv,transparent,PE,0.97
AI58_5_227.csv,transparent,PE,0.96
AI58_5_228.csv,transparent,PE,0.95
AI58_5_229.csv,transparent,PE,0.96
AI58_5_230.csv,white,PE,0.97
AI58_5_231.csv,transparent,PP,0.95
AI58_5_232.csv,transparent,PP,0.96
AI58_5_233.csv,transparent,PE,0.97
AI58_5_234.csv,transparent,PP,0.9
AI58_5_235.csv,transparent,PE,0.96
AI58_5_237.csv,transparent,PE,0.98
AI58_5_238.csv,transparent,PE,0.96
AI58_5_239.csv,transparent,PE,0.97
AI58_5_240.csv,gray,PP,0.89
AI58_5_241.csv,gray,PE,0.98
AI58_5_243.csv,light blue,PE,0.98
AI58_5_244.csv,blue,PE,0.97
AI58_5_245.csv,gray,PE,0.96
AI58_5_246.csv,gray,PE,0.95
AI58_5_247.csv,gray,PE,0.98
AI58_5_248.csv,light blue,PP,0.94
AI58_5_249.csv,gray,PE,0.97
AI58_5_250.csv,black,PE,0.96
AI58_5_251.csv,yellow,PE,0.97
AI58_5_252.csv,gray,PP,0.84
AI58_5_253.csv,light blue,PE,0.94
AI58_5_254.csv,blue,PE,0.97
AI58_5_255.csv,blue,PE,0.97
AI58_5_256.csv,blue,PE,0.96
AI58_5_257.csv,blue,PE,0.96
AI58_5_258.csv,light blue,PE,0.97
AI58_5_259.csv,light blue,PP,0.84
AI58_5_260.csv,light blue,PP,0.94
AI58_5_261.csv,light blue,PE,0.97
AI58_5_262.csv,transparent,PE,0.93
AI58_5_263.csv,transparent,PE,0.97
AI58_5_264.csv,transparent,PE,0.97
AI58_5_265.csv,transparent,PE,0.95
AI58_5_267.csv,transparent,PP,0.92
AI58_5_268.csv,transparent,PE,0.97
AI58_5_269.csv,transparent,PE,0.97
AI58_5_270.csv,transparent,PE,0.83
AI58_5_271.csv,transparent,PP,0.91
AI58_5_272.csv,transparent,PE,0.97
AI58_5_273.csv,transparent,PE,0.96
AI58_5_274.csv,transparent,PE,0.97
AI58_5_275.csv,transparent,PE,0.96
AI58_5_277.csv,transparent,PP,0.96
AI58_5_278.csv,transparent,PP,0.91
AI58_5_279.csv,transparent,PE,0.97
AI58_5_280.csv,black,PP,0.84
AI58_5_281.csv,transparent,PE,0.98
AI58_5_282.csv,transparent,PE,0.96
AI58_5_283.csv,transparent,PP,0.95
AI58_5_284.csv,transparent,PE,0.97
AI58_5_285.csv,transparent,PE,0.95
AI58_5_286.csv,transparent,PE,0.97
AI58_5_287.csv,transparent,PE,0.96
AI58_5_288.csv,transparent,PE,0.97
AI58_5_289.csv,transparent,PE,0.96
AI58_5_290.csv,transparent,PE,0.96
AI58_5_291.csv,transparent,PE,0.97
AI58_5_292.csv,transparent,PE,0.98
AI58_5_293.csv,transparent,PE,0.98
AI58_5_294.csv,transparent,PE,0.98
AI58_5_295.csv,transparent,PE,0.98
AI58_5_296.csv,transparent,PE,0.96
AI58_5_297.csv,transparent,PE,0.96
AI58_5_298.csv,white,PP,0.92
AI58_5_299.csv,transparent,PE,0.96
AI58_5_300.csv,transparent,PE,0.98
AI58_5_301.csv,transparent,PE,0.96
AI58_5_303.csv,transparent,PE,0.97
AI58_5_304.csv,transparent,PE,0.96
AI58_5_305.csv,transparent,PE,0.98
AI58_5_306.csv,transparent,PE,0.97
AI58_5_307.csv,transparent,PE,0.93
AI58_5_309.csv,black,PP,0.87
AI58_5_310.csv,transparent,PP,0.98
AI58_5_311.csv,black,PE,0.97
AI58_5_312.csv,transparent,PP,0.95
AI58_5_313.csv,transparent,PE,0.96
AI58_5_314.csv,black,PE,0.93
AI58_5_316.csv,white,PE,0.96
AI58_5_317.1.csv,green,PP,0.95
AI58_5.1_1.csv,transparent,PP,0.72
AI58_5.1_2.csv,transparent,PE,0.89
AI58_5.1_4.csv,yellow,PE,0.88
AI58_5.1_5.csv,transparent,PE,0.94
AI58_5.1_6.csv,white,PP,0.88
AI58_5.1_7.csv,gray,PP,0.73
AI58_5.1_8.csv,transparent,PP,0.84
AI58_5.1_9.csv,transparent,PE,0.89
AI58_5.1_10.csv,transparent,PE,0.95
AI58_5.1_11.csv,yellow,PE,0.89
AI58_5.1_12.csv,yellow,PE,0.97
AI58_5.1_13.csv,transparent,PE,0.92
AI58_5.1_14.csv,transparent,PE,0.95
AI58_5.1_15.csv,white,PE,0.79
AI58_5.1_17.csv,transparent,PE,0.8
AI58_5.1_18.csv,transparent,PE,0.91
AI58_5.1_19.csv,transparent,PE,0.96
AI58_5.1_20.csv,yellow,PE,0.8
AI58_5.1_21.csv,transparent,PE,0.97
AI58_5.1_22.csv,transparent,PE,0.86
AI58_5.1_23.csv,transparent,PE,0.79
AI58_5.1_25.csv,transparent,PE,0.95
AI58_5.1_26.csv,yellow,PE,0.76
AI58_5.1_27.csv,transparent,PE,0.94
AI58_5.1_28.csv,white,PE,0.8
AI58_5.1_29.csv,yellow,PE,0.83
AI58_5.1_31.csv,transparent,PE,0.97
AI58_5.1_34.csv,gray,PE,0.97
AI58_5.1_35.csv,gray,PE,0.88
AI58_5.1_36.csv,transparent,PE,0.72
AI58_5.1_37.csv,transparent,PE,0.96
AI58_5.1_38.csv,white,PE,0.85
AI58_5.1_39.csv,transparent,PE,0.95
AI58_5.1_40.csv,white,PE,0.97
AI58_5.1_42.csv,transparent,PE,0.97
AI58_5.1_43.csv,transparent,PE,0.96
AI58_5.1_44.csv,white,PE,0.97
AI58_5.1_45.csv,transparent,PE,0.97
AI58_5.1_46.csv,transparent,PE,0.97
AI58_5.1_47.csv,transparent,PE,0.97
AI58_5.1_48.csv,white,PE,0.94
AI58_5.1_49.csv,transparent,PP,0.95
AI58_5.1_52.csv,yellow,PE,0.85
AI58_5.1_53.csv,white,PE,0.97
AI58_5.1_54.csv,transparent,PE,0.84
AI58_5.1_55.csv,transparent,PP,0.94
AI58_5.1_56.csv,transparent,PE,0.95
AI58_5.1_57.csv,transparent,PE,0.98
AI58_5.1_58.csv,light blue,PP,0.77
AI58_5.1_59.csv,gray,PE,0.96
AI58_5.1_60.csv,gray,PP,0.95
AI58_5.1_61.csv,brown,PE,0.98
AI58_5.1_62.csv,transparent,PE,0.97
AI58_5.1_63.csv,transparent,PE,0.89
AI58_5.1_64.csv,transparent,PE,0.86
AI58_5.1_65.csv,transparent,PE,0.95
AI58_5.1_66.csv,transparent,PE,0.97
AI58_5.1_67.csv,transparent,PE,0.97
AI58_5.1_68.csv,transparent,PE,0.99
AI58_5.1_69.csv,transparent,PE,0.94
AI58_5.1_71.csv,transparent,PE,0.83
AI58_5.1_72.csv,transparent,PE,0.9
AI58_5.1_73.csv,transparent,PE,0.85
AI58_5.1_74.csv,transparent,PE,0.98
AI58_5.1_75.1.csv,transparent,PP,0.83
AI58_5.1_76.csv,transparent,PE,0.96
AI58_5.1_77.csv,transparent,PE,0.98
AI58_5.1_78.csv,transparent,PE,0.91
AI58_5.1_79.csv,transparent,PE,0.95
AI58_5.1_80.csv,transparent,PE,0.95
AI58_5.1_81.csv,transparent,PE,0.94
AI58_5.1_82.csv,white,PE,0.97
AI58_5.1_83.csv,transparent,PP,0.94
AI58_5.1_84.csv,white,PE,0.92
AI58_5.1_85.csv,white,PE,0.97
AI58_5.1_86.csv,white,PE,0.97
AI58_5.1_87.csv,white,PE,0.96
AI58_5.1_88.csv,transparent,PP,0.85
AI58_5.1_89.csv,transparent,PE,0.93
AI58_5.1_90.csv,transparent,PP,0.95
AI58_5.1_91.csv,transparent,PE,0.96
AI58_5.1_92.csv,transparent,PP,0.9
AI58_5.1_93.csv,white,PE,0.95
AI58_5.1_94.csv,transparent,PE,0.94
AI58_5.1_95.csv,transparent,PP,0.86
AI58_5.1_96.csv,transparent,PE,0.98
AI58_5.1_97.csv,transparent,PE,0.96
AI58_5.1_98.csv,transparent,PE,0.97
AI58_5.1_99.csv,transparent,PP,0.91
AI58_5.1_100.csv,transparent,PE,0.92
AI58_5.1_101.csv,white,PE,0.97
AI58_5.1_102.csv,white,PP,0.96
AI58_5.1_103.csv,transparent,PE,0.97
AI58_5.1_104.csv,transparent,PE,0.94
AI58_5.1_105.csv,transparent,PE,0.97
AI58_5.1_106.csv,transparent,PE,0.91
AI58_5.1_107.csv,transparent,PE,0.95
AI58_5.1_108.csv,transparent,PE,0.98
AI58_5.1_109.csv,transparent,PE,0.93
AI58.1_110.csv,white,PE,0.97
AI58.1_111.csv,transparent,PE,0.92
AI58.1_112.csv,transparent,PE,0.94
AI58.1_113.csv,transparent,PE,0.95
AI58.1_114.csv,gray,PE,0.97
AI58.1_115.csv,gray,PP,0.9
AI58.1_116.csv,transparent,PP,0.87
AI58.1_117.csv,gray,PE,0.98
AI58.1_118.csv,transparent,PE,0.83
AI58.1_119.csv,transparent,PE,0.93
AI58.1_120.csv,gray,PE,0.91
AI58.1_125.csv,green,PE,0.9
AI58.1_126.csv,green,PP,0.82
AI58.1_127.csv,green,PP,0.82
AI58.1_128.csv,green,PP,0.72
AI58.1_130.csv,green,PP,0.84
AI58.1_131.csv,green,PP,0.89
AI58.1_132.csv,green,PP,0.87
AI58.1_133.csv,transparent,PP,0.92
AI58.1_134.csv,transparent,PP,0.82
AI58.1_135.csv,transparent,PE,0.97
AI58.1_136.csv,transparent,PP,0.89
AI58.1_137.csv,transparent,PE,0.96
AI58.1_138.csv,transparent,PP,0.95
AI58.1_139.csv,transparent,PP,0.94
AI58.1_140.csv,transparent,PP,0.87
AI58.1_141.csv,transparent,PP,0.94
AI58.1_142.csv,transparent,PP,0.95
AI58.1_143.csv,transparent,PP,0.93
AI58.1_144.csv,transparent,PP,0.81
AI58.1_145.csv,transparent,PP,0.93
AI58.1_147.csv,transparent,PE,0.96
AI58.1_148.csv,transparent,PE,0.97
AI58.1_149.csv,transparent,PE,0.97
AI58.1_150.csv,transparent,PE,0.93
AI58.1_151.csv,light blue,PP,0.87
AI58.1_152.csv,light blue,PE,0.91
AI58.1_153.csv,light blue,PE,0.94
AI58.1_154.csv,light blue,PE,0.92
AI58.1_155.csv,light blue,PE,0.94
AI58.1_156.csv,light blue,PE,0.92
AI58.1_157.csv,light blue,PP,0.88
AI58.1_158.csv,light blue,PP,0.93
AI58.1_159.csv,light blue,PP,0.93
AI58.1_160.csv,light blue,PE,0.97
AI58.1_161.csv,transparent,PE,0.98
AI58.1_162.csv,transparent,PE,0.96
AI58.1_163.csv,transparent,PP,0.88
AI58.1_164.csv,transparent,PE,0.89
AI58.1_165.csv,transparent,PE,0.94
AI58.1_166.csv,transparent,PE,0.96
AI58.1_167.csv,transparent,PE,0.98
AI58.1_168.csv,white,PE,0.98
AI58.1_169.csv,transparent,PE,0.94
AI58.1_170.csv,transparent,PP,0.91
AI58.1_171.csv,black,PE,0.97
AI58.1_172.csv,gray,PE,0.92
AI58.1_173.csv,white,PP,0.95
AI58.1_174.csv,transparent,PP,0.83
AI58.1_175.csv,transparent,PP,0.95
AI58.1_176.csv,transparent,PP,0.89
AI58.1_178.csv,transparent,PE,0.87
AI58.1_179.csv,transparent,PP,0.92
AI58.1_180.csv,transparent,PE,0.95
AI58.1_181.csv,transparent,PE,0.94
AI58.1_182.csv,transparent,PE,0.97
AI58.1_183.csv,transparent,PE,0.95
AI58.1_184.csv,white,PP,0.94
AI58.1_185.csv,transparent,PE,0.96
AI58.1_186.csv,transparent,PE,0.97
AI58.1_187.csv,white,PE,0.97
AI58.1_188.csv,transparent,PE,0.96
AI58.1_189.csv,transparent,PE,0.96
AI58.1_190.csv,transparent,PE,0.96
AI58.1_191.csv,transparent,PE,0.98
AI58.1_192.csv,transparent,PE,0.97
AI58.1_193.csv,transparent,PE,0.95
AI58.1_194.csv,transparent,PE,0.93
AI58.1_195.csv,transparent,PE,0.96
AI58.1_196.csv,transparent,PE,0.97
AI58.1_197.csv,transparent,PE,0.98
AI58.1_198.csv,transparent,PE,0.81
AI58.1_199.csv,transparent,PE,0.97
AI58.1_200.csv,transparent,PE,0.89
AI58.1_201.csv,transparent,PE,0.97
AI58.1_202.csv,transparent,PE,0.91
AI58.1_203.csv,transparent,PE,0.97
AI58.1_204.csv,transparent,PE,0.96
AI58.1_205.csv,transparent,PE,0.98
AI58.1_206.csv,transparent,PE,0.98
AI58.1_207.csv,transparent,PE,0.92
AI58.1_208.csv,transparent,PE,0.94
AI58.1_209.csv,transparent,PE,0.93
AI58.1_210.csv,transparent,PE,0.94
AI58.1_211.csv,transparent,PE,0.96
AI58.1_212.csv,transparent,PE,0.96
AI58.1_213.csv,white,PE,0.96
AI58.1_214.csv,white,PE,0.93
AI58_5.1_215.csv,transparent,PE,0.97
AI58_5.1_216.csv,transparent,PE,0.9
AI58_5.1_217.csv,transparent,PE,0.97
AI58_5.1_218.csv,transparent,PE,0.96
AI58_5.1_219.csv,transparent,PE,0.96
AI58_5.1_220.csv,transparent,PE,0.96
AI58_5.1_222.csv,transparent,PE,0.98
AI58_5.1_223.csv,transparent,PE,0.98
AI58_5.1_224.csv,transparent,PE,0.93
AI58_5.1_225.csv,transparent,PE,0.97
AI58_5.1_226.csv,transparent,PE,0.96
AI58_5.1_227.csv,transparent,PE,0.97
AI58_5.1_228.csv,transparent,PP,0.76
AI58_5.1_229.csv,transparent,PP,0.88
AI58_5.1_230.csv,transparent,PE,0.98
AI58_5.1_231.csv,gray,PE,0.97
AI58_5.1_232.csv,gray,PE,0.99
AI58_5.1_233.csv,gray,PE,0.97
AI58_5.1_234.csv,gray,PE,0.98
AI58_5.1_235.csv,gray,PE,0.98
AI58_5.1_236.csv,gray,PE,0.97
AI58_5.1_238.csv,gray,PE,0.95
AI58_5.1_240.csv,gray,PE,0.9
AI58_5.1_241.csv,transparent,PP,0.81
AI58_5.1_242.csv,transparent,PP,0.89
AI58_5.1_243.csv,green,PP,0.79
AI58_5.1_244.csv,green,PE,0.97
AI58_5.1_245.csv,green,PE,0.97
AI58_5.1_246.csv,green,PE,0.98
AI58_5.1_247.csv,blue,PE,0.98
AI58_5.1_248.csv,blue,PE,0.97
AI58_5.1_249.csv,green,PP,0.96
AI58_5.1_250.csv,white,PP,0.91
AI58_5.1_251.csv,green,PP,0.9
AI58_5.1_252.csv,transparent,PP,0.82
AI58_5.1_253.csv,transparent,PE,0.97
AI58_5.1_254.csv,transparent,PE,0.97
AI58_5.1_255.csv,transparent,PE,0.95
AI58_5.1_256.csv,transparent,PE,0.97
AI58_5.1_257.csv,transparent,PP,0.89
AI58_5.1_258.csv,transparent,PP,0.95
AI58_5.1_259.csv,transparent,PE,0.95
AI58_5.1_260.csv,transparent,PE,0.97
AI58_5.1_261.csv,black,PE,0.96
AI58_5.1_262.csv,green,PP,0.87
AI58_5.1_263.csv,white,PE,0.95
AI58_5.1_264.csv,white,PP,0.87
AI58_5.1_265.csv,black,PP,0.87
AI58_5.1_266.csv,transparent,PE,0.98
AI58_5.1_267.csv,transparent,PE,0.98
AI58_5.1_268.csv,transparent,PP,0.91
AI58_5.2_1.csv,transparent,PP,0.78
AI58_5.2_2.csv,transparent,PP,0.88
AI58_5.2_3.csv,transparent,PP,0.76
AI58_5.2_4.csv,black,PE,0.86
AI58_5.2_6.csv,gray,PE,0.82
AI58_5.2_7.csv,transparent,PE,0.85
AI58_5.2_9.csv,white,PE,0.91
AI58_5.2_10.csv,black,PE,0.94
AI58_5.2_11.1.csv,transparent,PP,0.93
AI58_5.2_13.csv,white,PE,0.94
AI58_5.2_14.csv,transparent,PE,0.89
AI58_5.2_15.1.csv,transparent,PE,0.96
AI58_5.2_16.csv,transparent,PE,0.81
AI58_5.2_17.csv,transparent,PE,0.77
AI58_5.2_18.csv,transparent,PE,0.88
AI58_5.2_19.csv,transparent,PE,0.94
AI58_5.2_20.csv,transparent,PE,0.77
AI58_5.2_21.1.csv,transparent,PP,0.79
AI58_5.2_22.csv,light blue,PE,0.85
AI58_5.2_23.csv,transparent,PE,0.9
AI58_5.2_25.csv,transparent,PE,0.77
AI58_5.2_26.1.csv,transparent,PE,0.94
AI58_5.2_27.csv,light blue,PE,0.96
AI58_5.2_28.csv,transparent,PE,0.8
AI58_5.2_29.csv,transparent,PE,0.96
AI58_5.2_30.csv,transparent,PE,0.77
AI58_5.2_31.csv,black,PE,0.94
AI58_5.2_32.csv,black,PE,0.78
AI58_5.2_34.csv,light blue,PE,0.88
AI58_5.2_35.csv,light blue,PE,0.95
AI58_5.2_36.csv,light blue,PE,0.85
AI58_5.2_37.csv,transparent,PE,0.89
AI58_5.2_38.csv,transparent,PE,0.92
AI58_5.2_39.csv,transparent,PP,0.8
AI58_5.2_41.csv,white,PE,0.92
AI58_5.2_42.csv,white,PE,0.97
AI58_5.2_43.csv,white,PE,0.93
AI58_5.2_44.csv,white,PE,0.97
AI58_5.2_45.csv,white,PE,0.84
AI58_5.2_46.csv,transparent,PE,0.96
AI58_5.2_47.csv,transparent,PP,0.84
AI58_5.2_48.csv,transparent,PE,0.97
AI58_5.2_49.csv,transparent,PP,0.7
AI58_5.2_50.csv,transparent,PE,0.93
AI58_5.2_52.csv,white,PE,0.97
AI58_5.2_53.csv,transparent,PE,0.96
AI58_5.2_54.csv,transparent,PP,0.8
AI58_5.2_55.csv,transparent,PP,0.85
AI58_5.2_56.csv,transparent,PE,0.92
AI58_5.2_57.csv,transparent,PE,0.73
AI58_5.2_58.csv,white,PE,0.97
AI58_5.2_59.csv,white,PE,0.97
AI58_5.2_60.csv,transparent,PE,0.9
AI58_5.2_62.csv,transparent,PE,0.91
AI58_5.2_63.csv,transparent,PE,0.81
AI58_5.2_64.csv,transparent,PE,0.96
AI58_5.2_65.csv,transparent,PE,0.97
AI58_5.2_66.csv,transparent,PE,0.78
AI58_5.2_67.csv,transparent,PE,0.95
AI58_5.2_68.csv,transparent,PE,0.96
AI58_5.2_69.csv,transparent,PE,0.96
AI58_5.2_70.csv,transparent,PP,0.95
AI58_5.2_71.csv,transparent,PE,0.86
AI58_5.2_72.csv,transparent,PP,0.7
AI58_5.2_74.csv,transparent,PE,0.95
AI58_5.2_75.csv,white,PE,0.97
AI58_5.2_76.csv,transparent,PE,0.97
AI58_5.2_77.csv,white,PE,0.97
AI58_5.2_78.csv,transparent,PE,0.84
AI58_5.2_79.csv,transparent,PE,0.94
AI58_5.2_80.csv,transparent,PE,0.89
AI58_5.2_81.csv,transparent,PE,0.96
AI58_5.2_82.csv,white,PE,0.93
AI58_5.2_83.csv,white,PE,0.97
AI58_5.2_84.csv,transparent,PE,0.91
AI58_5.2_85.csv,transparent,PE,0.94
AI58_5.2_86.csv,transparent,PE,0.94
AI58_5.2_87.csv,transparent,PE,0.95
AI58_5.2_88.csv,transparent,PE,0.88
AI58_5.2_89.csv,transparent,PP,0.94
AI58_5.2_90.1.csv,transparent,PE,0.74
AI58_5.2_91.csv,white,PP,0.96
AI58_5.2_92.csv,green,PP,0.93
AI58_5.2_93.csv,green,PP,0.89
AI58_5.2_94.csv,green,PP,0.94
AI58_5.2_95.csv,transparent,PP,0.95
AI58_5.2_96.csv,transparent,PP,0.75
AI58_5.2_97.csv,green,PP,0.73
AI58_5.2_98.csv,green,PP,0.93
AI58_5.2_99.csv,green,PP,0.88
AI58_5.2_100.1.csv,green,PP,0.8
AI58_5.2_101.1.csv,transparent,PE,0.97
AI58_5.2_102.csv,green,PE,0.82
AI58_5.2_103.1.csv,green,PP,0.78
AI58_5.2_104.csv,green,PP,0.93
AI58_5.2_106.1.csv,green,PP,0.87
AI58_5.2_107.csv,green,PP,0.9
AI58_5.2_108.csv,green,PP,0.93
AI58_5.2_109.csv,green,PP,0.87
AI58_5.2_110.csv,green,PP,0.86
AI58_5.2_111.1.csv,green,PP,0.91
AI58_5.2_112.csv,transparent,PP,0.85
AI58_5.2_113.csv,green,PP,0.92
AI58_5.2_114.csv,transparent,PP,0.83
AI58_5.2_115.1.csv,green,PP,0.91
AI58_5.2_116.csv,green,PP,0.83
AI58_5.2_117.1.csv,gray,PE,0.97
AI58_5.2_118.csv,green,PP,0.96
AI58_5.2_119.csv,green,PP,0.91
AI58_5.2_120.csv,green,PP,0.9
AI58_5.2_121.csv,transparent,PP,0.85
AI58_5.2_122.1.csv,transparent,PP,0.88
AI58_5.2_123.csv,transparent,PP,0.8
AI58_5.2_125.csv,transparent,PP,0.95
AI58_5.2_126.csv,transparent,PP,0.9
AI58_5.2_127.csv,transparent,PE,0.95
AI58_5.2_128.csv,transparent,PP,0.9
AI58_5.2_129.csv,transparent,PP,0.95
AI58_5.2_130.csv,transparent,PP,0.71
AI58_5.2_131.csv,green,PE,0.86
AI58_5.2_132.csv,transparent,PP,0.88
AI58_5.2_133.1.csv,green,PE,0.95
AI58_5.2_134.csv,green,PP,0.96
AI58_5.2_135.csv,green,PP,0.95
AI58_5.2_136.csv,green,PP,0.93
AI58_5.2_137.csv,green,PP,0.88
AI58_5.2_138.csv,green,PE,0.96
AI58_5.2_139.csv,green,PE,0.97
AI58_5.2_140.csv,green,PE,0.83
AI58_5.2_142.csv,green,PP,0.84
AI58_5.2_143.csv,green,PP,0.91
AI58_5.2_144.csv,green,PP,0.89
AI58_5.2_145.csv,green,PP,0.8
AI58_5.2_146.csv,green,PE,0.96
AI58_5.2_147.csv,green,PP,0.92
AI58_5.2_148.csv,green,PE,0.93
AI58_5.2_149.csv,green,PP,0.95
AI58_5.2_151.csv,black,PP,0.87
AI58_5.2_153.csv,transparent,PP,0.79
AI58_5.2_154.csv,transparent,PP,0.83
AI58_5.2_155.csv,transparent,PE,0.94
AI58_5.2_157.csv,green,PE,0.91
AI58_5.2_158.csv,transparent,PE,0.93
AI58_5.2_159.csv,transparent,PP,0.95
AI58_5.2_160.csv,transparent,PP,0.94
AI58_5.2_161.csv,transparent,PE,0.88
AI58_5.2_162.csv,transparent,PE,0.9
AI58_5.2_163.csv,transparent,PE,0.92
AI58_5.2_164.csv,transparent,PE,0.86
AI58_5.2_165.csv,transparent,PE,0.83
AI58_5.2_166.csv,transparent,PE,0.82
AI58_5.2_168.csv,transparent,PP,0.83
AI58_5.2_169.csv,transparent,PE,0.88
AI58_5.2_170.csv,transparent,PE,0.9
AI58_5.2_171.csv,transparent,PE,0.77
AI58_5.2_172.csv,transparent,PE,0.86
AI58_5.2_173.1.csv,transparent,PE,0.86
AI58_5.2_174.csv,transparent,PE,0.97
AI58_5.2_175.csv,transparent,PE,0.91
AI58_5.2_176.csv,transparent,PP,0.74
AI58_5.2_177.csv,transparent,PE,0.91
AI58_5.2_178.csv,transparent,PE,0.96
AI58_5.2_179.1.csv,transparent,PP,0.95
AI58_5.2_180.csv,transparent,PE,0.96
AI58_5.2_181.csv,transparent,PE,0.88
AI58_5.2_182.csv,transparent,PP,0.96
AI58_5.2_183.csv,transparent,PE,0.98
AI58_5.2_184.csv,transparent,PE,0.95
AI58_5.2_185.csv,transparent,PE,0.9
AI58_5.2_186.csv,transparent,PE,0.96
AI58_5.2_187.csv,transparent,PE,0.92
AI58_5.2_188.csv,transparent,PE,0.98
AI58_5.2_189.csv,transparent,PE,0.94
AI58_5.2_190.csv,transparent,PE,0.97
AI58_5.2_191.csv,gray,PE,0.91
AI58_5.2_192.csv,gray,PE,0.98
AI58_5.2_193.csv,gray,PE,0.9
AI58_5.2_194.csv,gray,PP,0.74
AI58_5.2_196.csv,black,PE,0.9
AI58_5.2_197.csv,green,PE,0.98
AI58_5.2_199.csv,black,PE,0.98
AI58_5.2_200.csv,green,PE,0.97
AI58_5.2_201.csv,blue,PE,0.97
AI58_5.2_202.csv,green,PE,0.98
AI58_5.2_203.csv,green,PE,0.97
AI58_5.2_204.csv,blue,PE,0.98
AI58_5.2_205.csv,blue,PE,0.97
AI58_5.2_206.csv,blue,PP,0.96
AI58_5.2_207.csv,blue,PE,0.99
AI58_5.2_208.csv,green,PE,0.97
AI58_5.2_209.csv,blue,PE,0.87
AI58_5.2_210.csv,blue,PE,0.95
AI58_5.2_212.csv,light blue,PE,0.95
AI58_5.2_213.csv,light blue,PE,0.97
AI58_5.2_214.csv,light blue,PE,0.76
AI58_5.2_215.csv,light blue,PP,0.96
AI58_5.2_216.csv,light blue,PE,0.98
AI58_5.2_217.csv,gray,PE,0.97
AI58_5.2_218.csv,gray,PE,0.98
AI58_5.2_219.csv,brown,PE,0.89
AI58_5.2_221.csv,white,PE,0.97
AI58_5.2_222.csv,transparent,PE,0.96
AI58_5.2_223.csv,transparent,PE,0.98
AI58_5.2_224.1.csv,transparent,PE,0.87
AI58_5.2_225.csv,transparent,PE,0.84
AI58_5.2_226.csv,white,PE,0.88
AI58_5.2_227.csv,transparent,PE,0.85
AI58_5.2_228.csv,transparent,PE,0.93
AI58_5.2_229.csv,white,PE,0.97
AI58_5.2_230.csv,white,PE,0.98
AI58_5.2_232.csv,white,PE,0.93
AI58_5.2_233.csv,white,PE,0.94
AI58_5.2_234.csv,transparent,PE,0.97
AI58_5.2_235.csv,transparent,PE,0.78
AI58_5.2_236.csv,transparent,PE,0.91
AI58_5.2_237.csv,transparent,PE,0.92
AI58_5.2_238.csv,white,PE,0.97
AI58_5.2_239.csv,transparent,PE,0.91
AI58_5.2_240.csv,transparent,PE,0.92
AI58_5.2_241.csv,transparent,PP,0.93
AI58_5.2_242.csv,transparent,PE,0.94
AI58_5.2_243.csv,transparent,PE,0.87
AI58_5.2_244.csv,transparent,PE,0.92
AI58_5.2_245.csv,transparent,PE,0.97
AI58_5.2_246.1.csv,transparent,PE,0.97
AI58_5.2_247.csv,transparent,PE,0.89
AI58_5.2_248.csv,transparent,PE,0.9
AI58_5.2_249.csv,transparent,PE,0.95
AI58_5.2_250.csv,white,PE,0.97
AI58_5.2_251.csv,green,PE,0.86
AI58_5.2_252.csv,green,PE,0.94
AI58_5.2_253.csv,green,PE,0.95
AI58_5.2_254.csv,green,PE,0.94
AI58_5.2_255.csv,green,PE,0.95
AI58_5.2_256.csv,green,PE,0.94
AI58_5.2_257.csv,green,PE,0.97
AI58_5.2_258.csv,green,PE,0.95
AI58_5.2_259.csv,green,PE,0.96
AI58_5.2_260.csv,green,PE,0.97
AI58_5.2_261.csv,green,PE,0.94
AI58_5.2_262.csv,green,PE,0.95
AI58_5.2_264.csv,green,PE,0.84
AI58_5.2_265.csv,pink,PE,0.91
AI58_5.2_267.1.csv,red,PE,0.89
AI58_5.2_268.csv,red,PE,0.95
AI58_5.2_270.csv,red,PE,0.98
AI58_5.2_271.csv,blue,PE,0.98
AI58_5.2_273.csv,white,PP,0.93
AI58_5.2_275.csv,light blue,PE,0.98
AI58_5.2_276.csv,white,PE,0.97
AI58_5.2_277.csv,transparent,PE,0.94
AI58_5.2_278.csv,transparent,PE,0.95
AI58_5.2_279.csv,transparent,PE,0.91
AI58_5.2_280.csv,white,PP,0.94
AI58_5.2_282.csv,transparent,PE,0.84
AI58_5.2_283.csv,white,PE,0.97
AI58_5.2_284.csv,transparent,PE,0.98
AI58_5.2_285.csv,transparent,PE,0.94
AI58_5.2_286.csv,transparent,PE,0.91
AI58_5.2_287.csv,transparent,PE,0.94
AI58_5.2_288.csv,transparent,PE,0.81
AI58_5.2_289.csv,transparent,PE,0.9
AI58_5.2_290.csv,white,PE,0.97
AI58_5.2_291.csv,gray,PE,0.89
AI58_5.2_292.csv,transparent,PE,0.98
AI58_5.2_294.csv,transparent,PE,0.9
AI58_5.2_295.csv,transparent,PE,0.93
AI58_5.2_296.csv,transparent,PE,0.92
AI58_5.2_297.csv,transparent,PE,0.94
AI58_5.2_298.csv,transparent,PE,0.97
AI58_5.2_299.csv,transparent,PE,0.98
AI58_5.2_302.csv,gray,PE,0.97
AI58_5.2_303.csv,transparent,PE,0.97
AI58_5.2_304.csv,white,PE,0.97
AI58_5.2_305.csv,transparent,PE,0.95
AI58_5.2_308.csv,transparent,PE,0.96
AI58_5.2_309.csv,transparent,PE,0.81
AI58_5.2_310.csv,transparent,PE,0.93
AI58_5.2_311.csv,white,PE,0.97
AI58_5.2_312.csv,transparent,PE,0.96
AI58_5.2_314.csv,gray,PP,0.96
AI58_5.2_315.csv,transparent,PE,0.84
AI58_5.2_316.csv,transparent,PP,0.88
AI58_5.2_317.csv,transparent,PE,0.96
AI58_5.2_318.csv,transparent,PE,0.91
AI58_5.2_319.csv,transparent,PE,0.96
AI58_5.2_320.csv,transparent,PE,0.98
AI58_5.2_321.csv,transparent,PE,0.89
AI58_5.2_322.1.csv,transparent,PP,0.95
AI58_5.2_324.csv,transparent,PE,0.95
AI58_5.2_325.csv,transparent,PE,0.96
AI58_5.2_326.csv,transparent,PE,0.97
AI58_5.2_327.csv,transparent,PE,0.96
AI58_5.2_328.csv,transparent,PE,0.88
AI58_5.2_329.csv,transparent,PE,0.92
AI58_5.2_330.csv,transparent,PE,0.96
AI58_5.2_331.csv,transparent,PE,0.91
AI58_5.2_332.csv,transparent,PE,0.87
AI58_5.2_333.csv,transparent,PE,0.96
AI58_5.2_334.csv,transparent,PE,0.97
AI58_5.2_335.csv,transparent,PE,0.97
AI58_5.2_336.csv,transparent,PE,0.96
AI58_5.2_337.csv,transparent,PE,0.91
AI58_5.2_338.csv,white,PE,0.95
AI58_5.2_339.csv,transparent,PP,0.81
AI58_5.2_341.csv,transparent,PE,0.88
AI58_5.2_342.csv,transparent,PE,0.98
AI58_5.2_343.csv,transparent,PE,0.93
AI58_5.2_344.csv,transparent,PE,0.91
AI58_5.2_345.csv,transparent,PE,0.97
AI58_5.2_346.csv,transparent,PE,0.96
AI58_5.2_347.csv,white,PE,0.94
AI58_5.2_348.csv,transparent,PE,0.96
AI58_5.2_349.csv,transparent,PE,0.79
AI58_5.2_350.csv,transparent,PE,0.94
AI58_5.2_351.csv,gray,PP,0.89
AI58_5.2_352.csv,white,PE,0.97
AI58_5.2_353.csv,blue,PE,0.97
AI58_5.2_354.csv,transparent,PE,0.95
AI58_5.2_356.csv,transparent,PE,0.97
AI58_5.2_357.csv,transparent,PP,0.93
AI58_5.2_358.csv,transparent,PP,0.93
AI58_5.2_359.csv,transparent,PE,0.94
AI58_5.2_361.csv,transparent,PP,0.85
AI58_5.2_362.csv,transparent,PE,0.96
AI58_5.2_363.csv,transparent,PE,0.94
AI58_5.2_365.csv,transparent,PE,0.98
AI58_5.2_366.csv,white,PE,0.95
AI58_5.2_367.csv,white,PE,0.95
AI58_5.2_369.csv,transparent,PP,0.95
AI58_5.2_370.csv,transparent,PE,0.97
AI58_5.2_371.csv,white,PE,0.97
AI58_5.2_372.csv,transparent,PE,0.95
AI58_5.2_373.csv,green,PE,0.96
AI58_5.2_374.csv,transparent,PE,0.98
AI58_5.2_375.csv,transparent,PE,0.96
AI58_5.2_376.csv,gray,PE,0.97
AI58_5.2_378.csv,blue,PE,0.97
AI58_5.2_379.csv,transparent,PE,0.98
AI58_5.2_380.csv,transparent,PE,0.97
AI58_5.2_381.csv,transparent,PE,0.94
AI58_5.2_382.csv,green,PE,0.96
AI58_5.2_383.csv,transparent,PE,0.88
AI58_5.2_384.csv,green,PP,0.87
AI58_5.2_385.csv,transparent,PE,0.98
AI58_5.2_386.csv,transparent,PE,0.91
AI58_5.2_387.csv,white,PE,0.97
AI58_5.2_388.csv,white,PE,0.98
AI58_5.2_389.csv,transparent,PE,0.98
AI58_5.2_390.csv,transparent,PE,0.84
AI58_5.2_391.csv,transparent,PE,0.94
AI58_5.2_392.csv,green,PE,0.98
AI58_5.2_393.csv,transparent,PE,0.98
AI58_5.2_394.csv,blue,PE,0.99
AI58_5.2_395.csv,transparent,PE,0.98
AI58_5.2_396.csv,transparent,PE,0.92
AI58_5.2_397.csv,gray,PE,0.94
AI58_5.2_398.csv,transparent,PE,0.93
AI58_5.2_399.csv,transparent,PE,0.98
AI58_5.2_400.csv,gray,PP,0.95
AI58_5.2_401.csv,transparent,PE,0.94
AI58_5.2_402.csv,blue,PE,0.97
AI58_5.2_403.csv,blue,PE,0.95
AI58_5.2_404.csv,transparent,PE,0.97
AI58_5.2_405.csv,transparent,PE,0.93
AI58_5.2_406.csv,transparent,PE,0.95
AI58_5.2_408.csv,green,PP,0.95
AI58_5.2_409.csv,blue,PE,0.96
AI58_5.2_410.csv,transparent,PE,0.81
AI58_5.2_411.1.csv,green,PP,0.89
AI58_5.2_412.csv,green,PE,0.96
AI58_5.2_414.csv,black,PE,0.95
AI58_5.2_415.csv,green,PE,0.97
AI58_5.2_416.csv,white,PE,0.97
AI58_5.2_417.csv,transparent,PE,0.98
AI58_5.2_418.csv,transparent,PE,0.97
AI58_5.2_419.csv,transparent,PE,0.96
AI58_5.2_420.csv,transparent,PE,0.96
AI58_5.2_422.csv,transparent,PE,0.97
AI58_5.2_423.csv,gray,PE,0.94
AI58_5.2_424.csv,transparent,PE,0.97
AI58_5.2_426.csv,transparent,PE,0.77
AI58_5.2_427.csv,blue,PE,0.97
AI58_6_1.csv,transparent,PE,0.96
AI58_6_2.csv,white,PE,0.97
AI58_6_3.csv,white,PE,0.91
AI58_6_4.csv,white,PP,0.95
AI58_6_5.csv,transparent,PE,0.97
AI58_6_6.csv,transparent,PP,0.96
AI58_6_7.csv,transparent,PE,0.95
AI58_6_8.csv,transparent,PE,0.95
AI58_6_9.csv,transparent,PP,0.9
AI58_6_10.csv,white,PE,0.97
AI58_6_11.csv,transparent,PE,0.92
AI58_6_12.csv,transparent,PE,0.98
AI58_6_13.csv,transparent,PE,0.85
AI58_6_14.csv,transparent,PE,0.95
AI58_6_15.csv,transparent,PE,0.97
AI58_6_16.csv,transparent,PE,0.88
AI58_6_17.csv,transparent,PE,0.73
AI58_6_18.csv,transparent,PE,0.97
AI58_6_20.csv,gray,PE,0.97
AI58_6_21.csv,white,PE,0.97
AI58_6_22.csv,light blue,PP,0.87
AI58_6_23.csv,transparent,PE,0.94
AI58_6_24.csv,transparent,PE,0.92
AI58_6_25.csv,gray,PE,0.97
AI58_6_26.csv,gray,PE,0.94
AI58_6_27.csv,transparent,PE,0.96
AI58_6_28.csv,transparent,PE,0.97
AI58_6_29.csv,transparent,PE,0.98
AI58_6_30.csv,white,PE,0.94
AI58_6_31.csv,transparent,PE,0.95
AI58_6_32.csv,white,PE,0.96
AI58_6_33.csv,transparent,PP,0.7
AI58_6_34.csv,transparent,PE,0.92
AI58_6_35.csv,transparent,PE,0.93
AI58_6_36.csv,transparent,PE,0.96
AI58_6_37.csv,transparent,PE,0.93
AI58_6_38.csv,transparent,PE,0.93
AI58_6_39.csv,transparent,PP,0.9
AI58_6_41.csv,transparent,PE,0.94
AI58_6_42.csv,transparent,PE,0.98
AI58_6_44.csv,transparent,PE,0.89
AI58_6_45.csv,transparent,PE,0.74
AI58_6_46.csv,transparent,PE,0.97
AI58_6_47.csv,transparent,PE,0.9
AI58_6_48.csv,transparent,PE,0.91
AI58_6_49.csv,gray,PP,0.89
AI58_6_50.csv,gray,PE,0.97
AI58_6_51.csv,transparent,PE,0.81
AI58_6_52.csv,transparent,PE,0.97
AI58_6_53.csv,transparent,PE,0.97
AI58_6_54.csv,transparent,PE,0.96
AI58_6_55.csv,transparent,PP,0.93
AI58_6_56.csv,white,PE,0.97
AI58_6_57.csv,gray,PE,0.97
AI58_6_58.csv,white,PP,0.9
AI58_6_59.csv,white,PE,0.98
AI58_6_60.csv,gray,PE,0.82
AI58_6_61.csv,light blue,PP,0.86
AI58_6_62.csv,transparent,PE,0.76
AI58_6_63.csv,white,PE,0.97
AI58_6_65.csv,transparent,PP,0.73
AI58_6_66.csv,transparent,PE,0.91
AI58_6_67.csv,white,PE,0.97
AI58_6_68.csv,transparent,PE,0.96
AI58_6_69.csv,transparent,PE,0.92
AI58_6_70.csv,white,PE,0.99
AI58_6_71.csv,gray,PE,0.94
AI58_6_72.csv,transparent,PP,0.93
AI58_6_73.csv,transparent,PE,0.93
AI58_6_74.csv,gray,PE,0.96
AI58_6_75.csv,transparent,PE,0.97
AI58_6_76.csv,transparent,PE,0.95
AI58_6_77.csv,transparent,PE,0.91
AI58_6_78.csv,gray,PP,0.83
AI58_6_79.csv,white,PE,0.96
AI58_6_80.csv,green,PE,0.97
AI58_6_81.csv,brown,PE,0.9
AI58_6_82.csv,transparent,PE,0.9
AI58_6_83.csv,transparent,PE,0.8
AI58_6_84.csv,gray,PE,0.9
AI58_6_85.csv,white,PE,0.96
AI58_6_86.csv,transparent,PE,0.93
AI58_6_87.csv,transparent,PE,0.97
AI58_6_89.csv,white,PE,0.97
AI58_6_90.csv,white,PE,0.98
AI58_6_91.csv,gray,PE,0.84
AI58_6_92.csv,white,PE,0.96
AI58_6_93.csv,green,PE,0.93
AI58_6_95.csv,black,PE,0.82
AI58_6_98.csv,white,PE,0.92
AI58_6_100.csv,green,PE,0.89
AI58_6_102.csv,green,PP,0.86
AI58_6_104.csv,transparent,PP,0.75
AI58_6_105.csv,gray,PE,0.92
AI58_6_106.csv,transparent,PE,0.92
AI58_6_107.csv,gray,PE,0.87
AI58_6_108.csv,white,PE,0.89
AI58_6_110.csv,black,PE,0.7
AI58_6_111.csv,gray,PE,0.89
AI58_6_112.csv,transparent,PE,0.94
AI58_6_113.csv,black,PE,0.87
AI58_6_114.csv,transparent,PP,0.95
AI58_6_115.csv,transparent,PE,0.93
AI58_6_116.csv,gray,PE,0.99
AI58_6_117.csv,white,PE,0.98
AI58_6_118.csv,green,PE,0.85
AI58_6_119.csv,transparent,PE,0.96
AI58_6_120.csv,green,PE,0.87
AI58_6_121.csv,gray,PP,0.96
AI58_6_122.csv,gray,PP,0.89
AI58_6_123.csv,green,PE,0.95
AI58_6_125.csv,transparent,PP,0.89
AI58_6_126.csv,white,PP,0.77
AI58_6_129.csv,green,PP,0.8
AI58_6_130.csv,green,PP,0.94
AI58_6_131.csv,transparent,PE,0.96
AI58_6_132.csv,green,PP,0.86
AI58_6_133.csv,black,PE,0.91
AI58_6_134.csv,green,PP,0.77
AI58_6_135.csv,transparent,PP,0.93
AI58_6_136.csv,green,PP,0.95
AI58_6_137.csv,gray,PE,0.93
AI58_6_138.csv,green,PP,0.85
AI58_6_139.csv,white,PE,0.92
AI58_6_140.csv,green,PE,0.93
AI58_6_141.csv,transparent,PP,0.9
AI58_6_143.csv,green,PP,0.86
AI58_6_144.csv,black,PP,0.81
AI58_6_145.csv,transparent,PP,0.96
AI58_6_146.csv,transparent,PP,0.92
AI58_6_147.csv,transparent,PP,0.93
AI58_6_148.csv,transparent,PP,0.94
AI58_6_149.csv,transparent,PP,0.95
AI58_6_150.csv,green,PP,0.95
AI58_6_151.csv,brown,PP,0.9
AI58_6_152.csv,white,PP,0.95
AI58_6_156.csv,black,PP,0.88
AI58_6_157.csv,brown,PP,0.8
AI58_6_158.csv,brown,PP,0.9
AI58_6_159.csv,green,PE,0.71
AI58_6_161.csv,black,PP,0.91
AI58_6_163.csv,black,PP,0.78
AI58_6_164.csv,black,PP,0.73
AI58_6_166.csv,black,PP,0.8
AI58_6_167.csv,white,PP,0.87
AI58_6_168.csv,white,PP,0.95
AI58_6_169.csv,green,PP,0.9
AI58_6_170.csv,green,PP,0.84
AI58_6_172.csv,white,PP,0.87
AI58_6_173.csv,black,PP,0.82
AI58_6_174.csv,green,PP,0.87
AI58_6_176.csv,green,PP,0.96
AI58_6_177.csv,black,PP,0.89
AI58_6_178.csv,green,PE,0.96
AI58_6_179.csv,green,PP,0.88
AI58_6_180.csv,green,PP,0.89
AI58_6_181.csv,gray,PE,0.95
AI58_6_182.csv,gray,PE,0.91
AI58_6_183.csv,gray,PE,0.85
AI58_6_185.1.csv,gray,PE,0.96
AI58_6_187.csv,white,PS,0.78
AI58_6_188.csv,white,PE,0.98
AI58_6_189.csv,gray,PE,0.82
AI58_6_190.csv,black,PE,0.92
AI58_6_192.csv,transparent,PE,0.97
AI58_6_193.csv,transparent,PE,0.93
AI58_6_194.csv,transparent,PP,0.85
AI58_6_195.1.csv,transparent,PP,0.81
AI58_6_196.csv,transparent,PE,0.9
AI58_6_197.csv,transparent,PE,0.93
AI58_6_198.csv,transparent,PE,0.92
AI58_6_199.csv,transparent,PE,0.88
AI58_6_201.csv,light blue,PE,0.89
AI58_6_202.csv,light blue,PE,0.94
AI58_6_203.csv,light blue,PE,0.93
AI58_6_204.csv,light blue,PE,0.99
AI58_6_205.csv,light blue,PE,0.96
AI58_6_206.csv,light blue,PE,0.97
AI58_6_207.csv,brown,PE,0.92
AI58_6_208.csv,white,PE,0.97
AI58_6_209.csv,black,PE,0.98
AI58_6_210.csv,brown,PE,0.85
AI58_6_211.csv,red,PE,0.92
AI58_6_212.csv,green,PP,0.8
AI58_6_213.csv,red,PE,0.95
AI58_6_215.csv,transparent,PE,0.94
AI58_6_216.csv,transparent,PE,0.75
AI58_6_217.csv,transparent,PE,0.95
AI58_6_218.csv,transparent,PE,0.79
AI58_6_219.csv,transparent,PE,0.94
AI58_6_220.csv,white,PE,0.97
AI58_6_221.csv,transparent,PP,0.84
AI58_6_222.csv,transparent,PE,0.96
AI58_6_223.csv,transparent,PP,0.89
AI58_6_224.csv,gray,PE,0.98
AI58_6_225.csv,gray,PE,0.97
AI58_6_227.csv,transparent,PE,0.96
AI58_6_228.csv,transparent,PE,0.88
AI58_6_229.csv,transparent,PE,0.96
AI58_6_230.csv,transparent,PE,0.94
AI58_6_231.csv,black,PE,0.97
AI58_6_232.csv,black,PE,0.88
AI58_6_233.csv,black,PP,0.95
AI58_6_234.csv,black,PE,0.97
AI58_6_235.csv,black,PE,0.97
AI58_6_236.csv,black,PE,0.94
AI58_6_237.csv,black,PE,0.97
AI58_6_238.csv,black,PE,0.98
AI58_6_239.csv,white,PE,0.98
AI58_6_240.csv,white,PP,0.9
AI58_6_241.csv,gray,PP,0.91
AI58_6_242.csv,transparent,PE,0.9
AI58_6_243.csv,transparent,PE,0.95
AI58_6_244.csv,transparent,PE,0.92
AI58_6_245.csv,gray,PE,0.95
AI58_6_246.csv,gray,PE,0.91
AI58_6_247.csv,transparent,PE,0.91
AI58_6_248.csv,transparent,PE,0.93
AI58_6_250.csv,white,PP,0.91
AI58_6_251.csv,gray,PE,0.92
AI58_6_252.csv,gray,PE,0.93
AI58_6_253.csv,white,PE,0.96
AI58_6_254.csv,gray,PE,0.97
AI58_6_255.csv,white,PE,0.94
AI58_6_256.csv,transparent,PP,0.89
AI58_6_257.csv,gray,PE,0.97
AI58_6_258.csv,white,PE,0.98
AI58_6_259.csv,transparent,PE,0.98
AI58_6_260.csv,transparent,PE,0.83
AI58_6_261.csv,gray,PE,0.97
AI58_6_262.csv,transparent,PE,0.97
AI58_6_263.csv,transparent,PE,0.88
AI58_6_264.csv,transparent,PE,0.97
AI58_6_265.csv,transparent,PP,0.92
AI58_6_266.csv,white,PE,0.93
AI58_6_268.csv,white,PE,0.92
AI58_6_270.csv,gray,PE,0.93
AI58_6_271.csv,transparent,PP,0.82
AI58_6_272.csv,transparent,PP,0.9
AI58_6_273.csv,transparent,PE,0.98
AI58_6_274.csv,green,PP,0.82
AI58_6_275.csv,transparent,PP,0.77
AI58_6_276.csv,transparent,PP,0.92
AI58_6_280.csv,black,PE,0.9
AI58_6_281.csv,gray,PE,0.97
AI58_6_282.csv,transparent,PE,0.91
AI58_6_283.csv,black,PE,0.98
AI58_6_284.csv,green,PE,0.97
AI58_6_285.csv,transparent,PE,0.96
AI58_6_287.csv,transparent,PP,0.92
AI58_6_288.csv,green,PP,0.95
AI58_6_289.csv,green,PP,0.93
AI58_6_290.csv,green,PP,0.88
AI58_6_292.csv,gray,PE,0.98
AI58_6_293.csv,transparent,PE,0.94
AI58_6_295.csv,black,PE,0.79
AI58_6_296.csv,green,PE,0.92
AI58_6_297.csv,transparent,PE,0.92
AI58_6_298.csv,transparent,PE,0.94
AI58_6_299.csv,transparent,PE,0.93
AI58_6_300.csv,transparent,PE,0.99
AI58_6_301.csv,transparent,PE,0.98
AI58_6_302.csv,transparent,PE,0.98
AI58_6_303.csv,transparent,PE,0.96
AI58_6_304.csv,transparent,PE,0.98
AI58_6_305.csv,transparent,PE,0.94
AI58_6_306.csv,white,PE,0.96
AI58_6_307.csv,transparent,PE,0.97
AI58_6_308.csv,transparent,PE,0.97
AI58_6_309.csv,transparent,PE,0.96
AI58_6_310.csv,white,PE,0.96
AI58_6_311.csv,green,PE,0.96
AI58_6_312.csv,blue,PE,0.93
AI58_6_313.csv,white,PE,0.89
AI58_6_314.csv,black,PE,0.97
AI58_6_315.csv,white,PE,0.96
AI58_6_316.csv,transparent,PE,0.92
AI58_6_317.csv,light blue,PE,0.93
AI58_6_318.csv,light blue,PE,0.97
AI58_6_319.csv,green,PE,0.96
AI58_6_320.csv,transparent,PE,0.98
AI58_6_321.csv,white,PE,0.93
AI58_6_322.1.csv,transparent,PE,0.98
AI58_6_323.csv,green,PE,0.96
AI58_6_324.1.csv,green,PP,0.96
AI58_6_325.csv,green,PP,0.96
AI58_6_326.csv,green,PP,0.96
AI58_6_327.csv,green,PE,0.91
AI58_6_328.csv,blue,PE,0.95
AI58_6_329.csv,blue,PP,0.94
AI58_6_330.csv,blue,PE,0.96
AI58_6_331.csv,white,PE,0.96
AI58_6_332.csv,black,PE,0.97
AI58_6_333.csv,white,PP,0.97
AI58_6_334.csv,gray,PP,0.96
AI58_6_335.csv,transparent,PP,0.96
AI58_7_1.csv,transparent,PE,0.95
AI58_7_2.csv,transparent,PE,0.78
AI58_7_3.csv,transparent,PE,0.91
AI58_7_4.csv,transparent,PP,0.91
AI58_7_5.csv,transparent,PE,0.95
AI58_7_6.csv,black,PE,0.91
AI58_7_7.csv,black,PE,0.93
AI58_7_8.csv,transparent,PE,0.87
AI58_7_12.csv,black,PE,0.99
AI58_7_13.csv,white,PE,0.99
AI58_7_14.csv,brown,PE,0.98
AI58_7_15.csv,gray,PE,0.98
AI58_7_16.csv,gray,PE,0.85
AI58_7_17.csv,white,PE,0.98
AI58_7_18.csv,gray,PE,0.97
AI58_7_19.csv,gray,PE,0.95
AI58_7_20.csv,black,PE,0.97
AI58_7_21.csv,brown,PP,0.77
AI58_7_24.csv,pink,PE,0.97
AI58_7_25.csv,gray,PE,0.98
AI58_7_28.csv,gray,PE,0.98
AI58_7_29.csv,gray,PE,0.96
AI58_7_30.csv,transparent,PE,0.92
AI58_7_31.csv,transparent,PE,0.98
AI58_7_33.csv,gray,PE,0.94
AI58_7_34.csv,transparent,PE,0.97
AI58_7_35.csv,white,PE,0.96
AI58_7_36.csv,transparent,PP,0.95
AI58_7_37.csv,transparent,PE,0.87
AI58_7_39.csv,gray,PE,0.87
AI58_7_40.csv,white,PE,0.97
AI58_7_41.csv,transparent,PE,0.95
AI58_7_42.csv,transparent,PE,0.97
AI58_7_43.csv,transparent,PE,0.96
AI58_7_44.csv,light blue,PE,0.98
AI58_7_45.csv,gray,PE,0.95
AI58_7_46.csv,gray,PE,0.87
AI58_7_47.csv,white,PE,0.97
AI58_7_48.csv,transparent,PE,0.97
AI58_7_49.csv,transparent,PE,0.96
AI58_7_50.csv,black,PE,0.97
AI58_7_51.csv,transparent,PE,0.98
AI58_7_52.csv,transparent,PE,0.97
AI58_7_53.csv,transparent,PE,0.98
AI58_7_54.csv,transparent,PE,0.97
AI58_7_55.csv,transparent,PE,0.9
AI58_7_56.csv,transparent,PE,0.96
AI58_7_58.csv,transparent,PE,0.97
AI58_7_59.csv,transparent,PE,0.86
AI58_7_60.csv,green,PE,0.9
AI58_7_61.csv,pink,PE,0.96
AI58_7_62.csv,pink,PP,0.95
AI58_7_63.csv,pink,PE,0.97
AI58_7_64.csv,pink,PE,0.88
AI58_7_65.csv,pink,PE,0.98
AI58_7_68.csv,pink,PE,0.91
AI58_7_69.csv,pink,PE,0.97
AI58_7_70.csv,gray,PP,0.95
AI58_7_71.csv,transparent,PE,0.97
AI58_7_72.csv,white,PE,0.97
AI58_7_73.csv,transparent,PE,0.97
AI58_7_74.csv,transparent,PE,0.94
AI58_7_76.csv,transparent,PE,0.98
AI58_7_77.csv,green,PP,0.86
AI58_7_78.csv,black,PE,0.97
AI58_7_79.csv,black,PE,0.95
AI58_7_81.csv,transparent,PE,0.97
AI58_7_82.csv,transparent,PE,0.92
AI58_7_83.csv,transparent,PE,0.98
AI58_7_84.csv,transparent,PE,0.96
AI58_7_85.csv,transparent,PE,0.92
AI58_7_86.csv,transparent,PP,0.9
AI58_7_87.csv,transparent,PE,0.97
AI58_7_88.csv,light blue,PE,0.98
AI58_7_89.csv,transparent,PP,0.91
AI58_7_90.csv,transparent,PE,0.9
AI58_7_91.csv,transparent,PE,0.97
AI58_7_93.csv,gray,PE,0.97
AI58_7_94.csv,gray,PP,0.96
AI58_7_95.csv,white,PE,0.97
AI58_7_96.csv,transparent,PE,0.98
AI58_7_97.csv,brown,PE,0.98
AI58_7_98.csv,light blue,PE,0.98
AI58_7_99.csv,light blue,PE,0.98
AI58_7_100.csv,transparent,PE,0.97
AI58_7_101.csv,black,PE,0.96
AI58_7_102.csv,black,PP,0.78
AI58_7_103.csv,black,PE,0.97
AI58_7_104.csv,black,PE,0.97
AI58_7_105.csv,black,PE,0.99
AI58_7_106.csv,black,PE,0.98
AI58_7_107.csv,light blue,PE,0.96
AI58_7_108.csv,light blue,PE,0.98
AI58_7_109.csv,light blue,PP,0.87
AI58_7_110.csv,light blue,PP,0.95
AI58_7_111.csv,gray,PP,0.89
AI58_7_112.csv,green,PE,0.94
AI58_7_113.csv,green,PE,0.91
AI58_7_114.csv,transparent,PP,0.97
AI58_7_115.csv,transparent,PE,0.97
AI58_7_119.csv,black,PP,0.91
AI58_7_121.csv,green,PP,0.93
AI58_7_122.csv,green,PP,0.91
AI58_7_124.csv,green,PP,0.86
AI58_7_126.csv,blue,PP,0.7
AI58_7_127.csv,green,PE,0.91
AI58_7_129.csv,black,PE,0.96
AI58_7_130.csv,black,PP,0.89
AI58_7_132.csv,white,PP,0.8
AI58_7_133.csv,white,PE,0.93
AI58_7_137.csv,transparent,PP,0.78
AI58_7_138.csv,transparent,PE,0.96
AI58_8_2.csv,light blue,PP,0.9
AI58_8_3.csv,blue,PE,0.9
AI58_8_4.csv,white,PP,0.96
AI58_8_5.csv,transparent,PE,0.96
AI58_8_7.csv,transparent,PP,0.85
AI58_8_8.csv,white,PP,0.71
AI58_8_9.csv,white,PP,0.93
AI58_8_11.csv,white,PE,0.98
AI58_8_12.csv,yellow,PE,0.97
AI58_8_13.csv,gray,PE,0.96
AI58_8_14.csv,light blue,PP,0.93
AI58_8_15.csv,green,PP,0.91
AI58_8_16.csv,transparent,PP,0.82
AI58_8_17.1_1.csv,blue,PP,0.95
AI58_8_18.csv,black,PP,0.96
AI58_8_19.csv,blue,PP,0.96
AI58_8_20.csv,white,PE,0.9
AI58_8_22.csv,white,PE,0.86
AI58_8_23.csv,light blue,PE,0.96
AI58_8_24.csv,green,PP,0.81
AI58_8_25.1.csv,transparent,PP,0.77
AI58_8_26.csv,white,PE,0.91
AI58_8_27.csv,white,PE,0.94
AI58_8_28.csv,green,PE,0.98
AI58_8_29.csv,green,PE,0.9
AI58_8_30.csv,blue,PP,0.87
AI58_8_31.1.csv,transparent,PE,0.98
AI58_8_33.csv,blue,PP,0.95
AI58_8_34.csv,transparent,PP,0.97
AI58_8_35.csv,transparent,PE,0.8
AI58_8_36.csv,transparent,PE,0.93
AI58_8_37.1.csv,transparent,PE,0.75
AI58_8_38.csv,transparent,PE,0.88
AI58_8_39.csv,transparent,PE,0.9
AI58_8_40.csv,black,PE,0.97
AI58_8_42.1.csv,black,PE,0.98
AI58_8_44.csv,gray,PE,0.94
AI58_8_45.csv,white,PE,0.97
AI58_8_46.csv,transparent,PP,0.91
AI58_8_47.csv,transparent,PE,0.97
AI58_8_48.csv,transparent,PE,0.97
AI58_8_49.csv,transparent,PE,0.91
AI58_8_50.csv,gray,PE,0.98
AI58_8_52.csv,white,PP,0.97
AI58_8_53.csv,transparent,PE,0.91
AI58_8_54.csv,transparent,PP,0.96
AI58_8_56.csv,blue,PP,0.94
AI58_8_57.csv,transparent,PE,0.92
AI58_8_58.csv,blue,PP,0.97
AI58_8_60.csv,transparent,PE,0.88
AI58_8_61.csv,transparent,PE,0.97
AI58_8_62.csv,transparent,PE,0.97
AI58_8_63.csv,transparent,PE,0.97
AI58_8_65.csv,transparent,PE,0.98
AI58_8_66.csv,transparent,PP,0.96
AI58_8_67.csv,white,PP,0.96
AI58_8_68.csv,beige,PP,0.89
AI58_8_69.csv,black,PE,0.99
AI58_8_70.csv,transparent,PE,0.97
AI58_8_71.csv,transparent,PE,0.96
AI58_8_72.csv,transparent,PP,0.92
AI58_8_73.csv,gray,PE,0.96
AI58_8_74.csv,transparent,PE,0.72
AI58_8_75.csv,transparent,PE,0.97
AI58_8_76.csv,transparent,PE,0.98
AI58_8_77.csv,transparent,PE,0.96
AI58_8_78.csv,transparent,PE,0.97
AI58_8_80.csv,transparent,PE,0.97
AI58_8_81.csv,green,PP,0.77
AI58_8_82.csv,green,PP,0.9
AI58_8_83.csv,transparent,PP,0.89
AI58_8_84.csv,green,PP,0.95
AI58_9_3.csv,white,PE,0.98
AI58_9_4.csv,white,PE,0.88
AI58_9_5.csv,white,PP,0.97
AI58_9_6.csv,white,PP,0.95
AI58_9_9.csv,white,PP,0.97
AI58_9_10.csv,green,PP,0.95
AI58_9_11.csv,green,PE,0.97
AMK82_10_1.csv,white,PS,0.71
AMK82_19_5.csv,white,PS,0.93
AMK82_19_8.csv,gray,PP,0.94
AMK82_21_6.csv,black,PP,0.84
AMK82_22_3.csv,white,PS,0.93
AMK82_23_1.csv,red,PP,0.84
AMK82_23_2.csv,white,PS,0.82
AMK82_23_4.csv,blue,PE,0.92
AMK82_28_1.csv,white,PE,0.98
AMK82_29_5.csv,gray,PE,0.97
AMK82_2_3.csv,white,PE,0.96
AMK82_2_4.csv,yellow,PE,0.97
AMK82_31_9.csv,white,PP,0.95
AMK82_32_1.1.csv,white,PP,0.93
AMK82_32_7.csv,white,PE,0.96
AMK82_33_1.csv,black,PP,0.92
AMK82_34_1.csv,green,PE,0.96
AMK82_34_2.csv,white,PE,0.97
AMK82_34_3.csv,white,PS,0.92
AMK82_34_7.csv,black,PE,0.71
AMK82_35_1.csv,gray,PS,0.93
AMK82_35_3.csv,gray,PP,0.88
AMK82_35_4.csv,white,PS,0.89
AMK82_35_7.csv,gray,PE,0.99
AMK82_35_9.csv,white,PS,0.95
AMK82_35_12.csv,black,PE,0.92
AMK82_35_13.csv,brown,PE,0.98
AMK82_35_14.csv,black,PE,0.98
AMK82_35_16.csv,white,PS,0.95
AMK82_35_17.csv,transparent,PE,0.97
AMK82_35_18.csv,transparent,PE,0.98
AMK82_35_19.csv,yellow,PE,0.97
AMK82_35_23.csv,transparent,PE,0.97
AMK82_35_24.csv,white,PS,0.84
AMK82_35_26.csv,white,PS,0.97
AMK82_35_28.csv,brown,PE,0.97
AMK82_35_29.csv,transparent,PE,0.97
AMK82_35_32.csv,black,PE,0.98
AMK82_35_34.csv,gray,PP,0.93
AMK82_35_36.csv,transparent,PE,0.98
AMK82_35_38.1.csv,white,PE,0.7
AMK82_35_44.csv,yellow,PS,0.92
AMK82_35_45.csv,transparent,PE,0.98
AMK82_36_1.1.csv,black,PP,0.83
AMK82_36_2.csv,black,PE,0.91
AMK82_36_3.csv,black,PE,0.97
AMK82_36_4.csv,black,PE,0.98
AMK82_36_5.csv,black,PE,0.97
AMK82_36_6.csv,white,PS,0.95
AMK82_36_7.csv,white,PS,0.85
AMK82_36_8.csv,white,PS,0.95
AMK82_36_9.csv,white,PS,0.84
AMK82_36_10.csv,white,PS,0.87
AMK82_36_11.csv,white,PE,0.85
AMK82_36_12.csv,white,PE,0.98
AMK82_36_13.csv,white,PE,0.9
AMK82_36_14.csv,white,PE,0.97
AMK82_36_15.csv,transparent,PE,0.97
AMK82_36_16.csv,transparent,PE,0.91
AMK82_36_17.csv,white,PP,0.94
AMK82_36_24.csv,gray,PP,0.95
AMK82_36_25.csv,transparent,PP,0.98
AMK82_36_26.csv,white,PE,0.94
AMK82_36_27.csv,white,PE,0.97
AMK82_36_28.csv,white,PP,0.97
AMK82_36_34.csv,black,PE,0.94
AMK82_36_35.csv,black,PE,0.94
AMK82_36_36.csv,transparent,PE,0.98
AMK82_36_37.csv,black,PE,0.8
AMK82_36_38.csv,black,PE,0.97
AMK82_36_39.csv,black,PE,0.88
AMK82_36_40.csv,black,PE,0.96
AMK82_36_41.csv,green,PE,0.87
AMK82_36_42.csv,black,PP,0.91
AMK82_36_43.csv,beige,PP,0.89
AMK82_36_44.csv,white,PE,0.95
AMK82_36_45.csv,white,PE,0.97
AMK82_36_46.csv,green,PP,0.94
AMK82_37_3.csv,black,PE,0.96
AMK82_37_7.csv,white,PE,0.93
AMK82_37_8.csv,white,PS,0.91
AMK82_37_9.csv,white,PE,0.96
AMK82_37_10.csv,transparent,PE,0.97
AMK82_37_15.csv,white,PE,0.97
AMK82_37_16.csv,transparent,PP,0.95
AMK82_38_3.csv,light blue,PP,0.86
AMK82_38_5.1.csv,white,PP,0.96
AMK82_38_9.csv,transparent,PE,0.97
AMK82_38_14.csv,transparent,PP,0.94
AMK82_39_2.csv,blue,PE,0.96
AMK82_39_3.csv,pink,PE,0.97
AMK82_39_4.1.csv,transparent,PE,0.95
AMK82_39_5.csv,white,PE,0.92
AMK82_39_7.csv,white,PE,0.97
AMK82_39_8.csv,transparent,PP,0.95
AMK82_39_9.csv,white,PS,0.94
AMK82_39_12.csv,white,PS,0.76
AMK82_39_13.csv,transparent,PP,0.95
AMK82_39_14.csv,white,PE,0.98
AMK82_39_15.csv,black,PE,0.8
AMK82_39_16.csv,transparent,PE,0.99
AMK82_39_18.csv,transparent,PE,0.94
AMK82_39_21.csv,white,PE,0.99
AMK82_39_22.csv,white,PE,0.98
AMK82_39_23.csv,transparent,PE,0.95
AMK82_39_24.csv,white,PE,0.81
AMK82_39_25.csv,white,PE,0.97
AMK82_39_26.csv,gray,PE,0.97
AMK82_39_27.csv,white,PE,0.88
AMK82_39_28.csv,transparent,PE,0.97
AMK82_39_30.csv,white,PS,0.96
AMK82_39_33.csv,white,PE,0.97
AMK82_39_36.csv,black,PE,0.94
AMK82_39_38.csv,black,PE,0.93
AMK82_3_5.csv,white,PS,0.86
AMK82_40_2.csv,white,PS,0.9
AMK82_40_6.csv,transparent,PE,0.99
AMK82_40_7.csv,yellow,PE,0.97
AMK82_40_10.csv,black,PE,0.98
AMK82_40_17.csv,brown,PE,0.86
AMK82_40_18.csv,black,PE,0.86
AMK82_40_19.csv,black,PE,0.76
AMK86_2_2.csv,transparent,PE,0.96
AMK86_2_3.csv,transparent,PP,0.92
AMK86_7199_1.csv,white,PP,0.92
AMK86_7199_2.csv,white,PE,0.98
AMK86_7199_3.csv,gray,PE,0.9
AMK86_7199_6.1.csv,white,PP,0.86
AMK86_7201_1.csv,transparent,PE,0.94
AMK86_7201_2.csv,transparent,PE,0.97
AMK86_7201_3.csv,transparent,PE,0.89
AMK86_7201_4.csv,white,PE,0.79
AMK86_7201_6.csv,blue,PE,0.8
AMK86_7201_7.1.csv,yellow,PE,0.91
AMK86_7201_8.csv,white,PS,0.93
AMK86_7201_9.csv,white,PE,0.97
AMK86_7201_10.csv,white,PE,0.97
AMK86_7201_11.csv,transparent,PE,0.97
AMK86_7201_12.csv,white,PP,0.91
AMK86_7201_13.csv,transparent,PE,0.86
AMK86_7201_16.csv,transparent,PE,0.96
AMK86_7201_17.csv,transparent,PE,0.95
AMK86_7201_18.csv,transparent,PE,0.93
AMK86_7201_19.csv,white,PE,0.96
AMK86_7201_21.csv,transparent,PE,0.97
AMK86_7201_22.csv,white,PE,0.98
AMK86_7201_23.csv,transparent,PE,0.96
AMK86_7201_24.csv,transparent,PP,0.88
AMK86_7201_25.csv,transparent,PE,0.97
AMK86_7201_26.csv,transparent,PE,0.97
AMK86_7201_27.csv,transparent,PE,0.97
AMK86_7201_28.csv,transparent,PE,0.96
AMK86_7201_29.csv,gray,PP,0.88
AMK86_7201_30.csv,blue,PP,0.9
AMK86_7201_32.csv,black,PE,0.95
AMK86_7201_33.csv,red,PP,0.95
AMK86_7202_1.csv,white,PP,0.97
AMK86_7202_2.csv,beige,PE,0.96
AMK86_7202_3.csv,gray,PE,0.9
AMK86_7202_4.csv,transparent,PE,0.97
AMK86_7202_6.csv,white,PP,0.95
AMK86_7202_7.csv,black,PP,0.96
AMK86_7202_8.csv,white,PP,0.97
AMK86_7202_9.csv,white,PE,0.98
AMK86_7202_10.csv,light blue,PE,0.98
AMK86_7202_11.csv,transparent,PE,0.98
AMK86_7202_12.csv,transparent,PE,0.98
AMK86_7202_13.csv,transparent,PE,0.98
AMK86_7202_14.csv,transparent,PP,0.88
AMK86_7202_15.csv,gray,PE,0.97
AMK86_7202_16.csv,transparent,PE,0.98
AMK86_7202_17.csv,transparent,PE,0.98
AMK86_7202_18.csv,white,PS,0.98
AMK86_7202_19.csv,transparent,PE,0.98
AMK86_7203_1.csv,transparent,PE,0.9
AMK86_7203_2.csv,black,PP,0.88
AMK86_7203_3.csv,black,PE,0.98
AMK86_7203_4.csv,black,PE,0.98
AMK86_7203_5.csv,transparent,PE,0.97
AMK86_7203_6.csv,white,PE,0.96
AMK86_7203_7.csv,transparent,PE,0.97
AMK86_7203_8.1.csv,white,PE,0.97
AMK86_7203_9.csv,white,PE,0.97
AMK86_7203_10.csv,gray,PE,0.92
AMK86_7206_2.csv,white,PE,0.97
AMK86_7206_4.csv,white,PE,0.97
AMK86_7207_1.csv,white,PS,0.9
AMK86_7207_2.csv,white,PE,0.94
AMK86_7207_3.csv,white,PE,0.95
AMK86_7207_4.csv,white,PS,0.9
AMK86_7207_7.csv,white,PE,0.97
AMK86_7207_8.csv,black,PE,0.98
AMK86_7207_9.csv,gray,PE,0.96
AMK86_7207_10.csv,white,PS,0.87
AMK86_7207_12.csv,green,PP,0.86
AMK86_7207_13.csv,white,PP,0.91
AMK86_7207_14.csv,white,PE,0.98
AMK86_7207_15.csv,white,PE,0.96
AMK86_7207_17.csv,transparent,PP,0.84
AMK86_7207_19.csv,brown,PP,0.93
AMK86_7208_1.csv,white,PS,0.97
AMK86_7208_2.csv,transparent,PE,0.94
AMK86_7208_3.csv,transparent,PE,0.98
AMK86_7208_4.csv,light blue,PE,0.95
AMK86_7208_5.csv,transparent,PP,0.89
AMK86_7209_1.csv,white,PE,0.73
AMK86_7209_2.csv,transparent,PP,0.95
AMK86_7209_3.csv,light blue,PP,0.97
AMK86_7209_5.csv,white,PS,0.94
AMK86_7209_6.1.csv,green,PE,0.96
AMK86_7213_1.csv,blue,PE,0.98
AMK86_7215_1.csv,transparent,PE,0.93
AMK86_7215_2.csv,transparent,PE,0.97
AMK86_7215_3.csv,transparent,PE,0.91
AMK86_7215_4.csv,transparent,PE,0.97
AMK86_7215_5.csv,white,PS,0.92
AMK86_7215_6.csv,white,PS,0.95
AMK86_7215_7.csv,white,PS,0.97
AMK86_7215_8.csv,white,PP,0.96
AMK86_7215_9.csv,gray,PS,0.89
AMK86_7215_15.csv,gray,PP,0.96
AMK86_7215_19.csv,light blue,PP,0.95
AMK86_7221_1.1.csv,black,PE,0.82
AMK86_7221_2.csv,yellow,PE,0.95
AMK86_7221_4.csv,black,PE,0.96
AMK86_7221_5.csv,transparent,PE,0.98
AMK86_7221_7.csv,black,PE,0.99
AMK86_7221_10.csv,yellow,PE,0.96
AMK86_7221_13.1.csv,black,PP,0.87
AMK86_7223_1.csv,black,PE,0.96
AMK86_7223_2.csv,transparent,PE,0.97
AMK86_7223_4.csv,white,PE,0.97
AMK86_7223_5.csv,white,PP,0.91
AMK86_7223_6.csv,green,PE,0.97
AMK86_7273_1.1.csv,green,PS,0.82
AMK86_7273_2.csv,black,PP,0.94
AMK86_7274_1.csv,black,PE,0.98
AMK86_7274_2.1.csv,white,PP,0.91
AMK86_7274_3.csv,black,PE,0.93
AMK86_7274_4.csv,white,PS,0.79
AMK86_7274_5.csv,blue,PE,0.97
AMK86_7274_6.csv,gray,PE,0.91
AMK86_7274_7.csv,black,PP,0.75
AMK86_7275_1.csv,black,PE,0.97
AMK86_7276_1.csv,white,PP,0.93
Barentsb_2_1_001.csv,,PS,0.88
Templfj_1_1.csv,,PP,0.8
Templfj_1_3.csv,,PS,0.83
Templfj_1_4.csv,,PE,0.96
Templfj_1_5.csv,,PP,0.79
Templfj_1_6.csv,,PE,0.94
Templfj_1_7.csv,,PE,0.98
Templfj_1_8.csv,,PE,0.96
Templfj_1_9.csv,,PE,0.88
Templfj_1_10.csv,,PS,0.78
Templfj_1_11.csv,,PE,0.96
Templfj_1_12.csv,,PE,0.95
Templfj_1_13.csv,,PE,0.95
Templfj_1_14.csv,,PE,0.99
Templfj_1_15.csv,blue,PP,0.94
Templfj_1_18.csv,,PP,0.93
Templfj_2_1.csv,,PE,0.97
Templfj_2_2.csv,,PE,0.97
Templfj_2_3.csv,yellow,PE,0.94
Templfj_2_4.csv,green,PP,0.7
Templfj_2_5.csv,,PE,0.98
Templfj_2_6.csv,,PE,0.94
Templfj_2_7.csv,black,PE,0.97
Templfj_2_8.csv,,PS,0.94
Templfj_2_11.csv,,PE,0.88
Templfj_2_12.csv,white,PS,0.93
Templfj_3_2.csv,light blue,PP,0.86
Templfj_3_3.csv,yellow,PE,0.98
Templfj_3_4.csv,white,PE,0.97
Templfj_3_5.csv,light blue,PE,0.98
Templfj_3_6.csv,white,PE,0.98
Templfj_3_7.csv,transparent,PE,0.95
Templfj_3_8.csv,transparent,PE,0.92
Templfj_3_9.csv,transparent,PE,0.98
Templfj_3_10.csv,white,PE,0.98
Templfj_3_11.csv,white,PP,0.96
Templfj_3_12.csv,white,PE,0.97
Templfj_3_13.csv,yellow,PE,0.96
Templfj_3_14.csv,light blue,PS,0.98
Templfj_3_15.csv,white,PE,0.97
Templfj_3_16.csv,white,PE,0.98
Templfj_3_17.csv,white,PE,0.97
Templfj_3_18.csv,white,PP,0.96
Templfj_3_19.csv,transparent,PP,0.97
Templfj_3_20.csv,white,PE,0.98
Templfj_3_21.csv,pink,PE,0.95
Templfj_3_22.csv,light blue,PE,0.97
Templfj_3_23.csv,white,PE,0.98
Templfj_3_24.csv,yellow,PE,0.97
Templfj_3_25.csv,transparent,PE,0.97
Templfj_3_26.csv,transparent,PP,0.96
Templfj_3_27.csv,transparent,PP,0.97
Templfj_3_28.csv,white,PP,0.95
Templfj_3_29.csv,transparent,PE,0.97
Templfj_3_30.csv,white,PE,0.97
Templfj_3_31.csv,black,PE,0.96
Templfj_3_32.csv,black,PE,0.96
Templfj_3_33.csv,black,PE,0.97
Templfj_3_34.csv,white,PS,0.92
Templfj_3_35.csv,white,PP,0.9
Templfj_3_36.csv,yellow,PE,0.95
Templfj_3_37.csv,white,PS,0.96
Templfj_3_38.csv,white,PS,0.93
Templfj_3_40.csv,orange,PE,0.96
